file,split,sample_id,phone,eff_ppm,min_r_px,go_0.05,gc_0.05,go_0.0612,gc_0.0612,go_0.075,gc_0.075,go_0.0918,gc_0.0918,go_0.1124,gc_0.1124,go_0.1377,gc_0.1377,go_0.1686,gc_0.1686,go_0.2064,gc_0.2064,go_0.2528,gc_0.2528,go_0.3096,gc_0.3096,go_0.3791,gc_0.3791,go_0.4642,gc_0.4642,go_0.5684,gc_0.5684,go_0.6961,gc_0.6961,go_0.8524,gc_0.8524,go_1.0438,gc_1.0438,go_1.2782,gc_1.2782,go_1.5652,gc_1.5652,go_1.9167,gc_1.9167,go_2.3471,gc_2.3471,go_2.8741,gc_2.8741,go_3.5195,gc_3.5195,go_4.3098,gc_4.3098,go_5.2775,gc_5.2775,go_6.4626,gc_6.4626,go_7.9138,gc_7.9138,go_9.6908,gc_9.6908,go_11.8669,gc_11.8669,go_14.5317,gc_14.5317,go_17.7947,gc_17.7947,go_21.7906,gc_21.7906,go_26.6836,gc_26.6836,go_32.6754,gc_32.6754,go_40.0127,gc_40.0127,go_48.9976,gc_48.9976,go_60.0,gc_60.0
Motorola_Edge_60_fusion_H374_01.jpg,train,H374,Motorola_Edge_60_fusion,12.465,0.6232500000000001,0.049274815209308404,0.1017747943684617,0.049274815209308404,0.1017747943684617,0.049274815209308404,0.1017747943684617,0.049274815209308404,0.1017747943684617,0.049274815209308404,0.1017747943684617,0.18368366758608962,0.31597147419569205,0.18368366758608962,0.31597147419569205,0.2757461895108112,0.4261100815148205,0.2757461895108112,0.4261100815148205,0.370761768964637,0.5252337208789962,0.4580560754538018,0.604810288119717,0.528342548355799,0.6622884170149828,0.6092139822467314,0.7261191542211625,0.7283377664103626,0.8145332626124033,0.7283377664103626,0.8145332626124033,0.7593882238850221,0.8447741520888833,0.8237606137487656,0.8862497205972747,0.9467715709714862,0.9681394892657054,0.9467715709714862,0.9681394892657054,1.0,1.0,1.0,1.0,1.0,1.0,1.0,1.0,1.0,1.0,1.0,1.0,1.0,1.0,1.0,1.0,1.0,1.0,1.0,1.0,1.0,1.0,1.0,1.0,1.0,1.0,1.0,1.0,1.0,1.0,1.0,1.0,1.0,1.0
Motorola_Edge_60_fusion_H374_02.jpg,train,H374,Motorola_Edge_60_fusion,12.465,0.6232500000000001,0.045909754494348254,0.09500668850626709,0.045909754494348254,0.09500668850626709,0.045909754494348254,0.09500668850626709,0.045909754494348254,0.09500668850626709,0.045909754494348254,0.09500668850626709,0.17080898587163248,0.3008315365233199,0.17080898587163248,0.3008315365233199,0.2579871186355667,0.410339954520694,0.2579871186355667,0.410339954520694,0.34730870283364546,0.5091349675305173,0.4305305871605078,0.5888282556485576,0.4975176048565162,0.6482888385098032,0.5757705662196985,0.7135891488014556,0.6943077621573484,0.8043904472745188,0.6943077621573484,0.8043904472745188,0.7381693182530743,0.8425200009218543,0.802352381537055,0.8855991746171064,0.931594504611799,0.9685758385974235,0.931594504611799,0.9685758385974235,1.0,1.0,1.0,1.0,1.0,1.0,1.0,1.0,1.0,1.0,1.0,1.0,1.0,1.0,1.0,1.0,1.0,1.0,1.0,1.0,1.0,1.0,1.0,1.0,1.0,1.0,1.0,1.0,1.0,1.0,1.0,1.0,1.0,1.0
Motorola_Edge_60_fusion_H374_03.jpg,train,H374,Motorola_Edge_60_fusion,12.465,0.6232500000000001,0.03915945444171852,0.07948175115530409,0.03915945444171852,0.07948175115530409,0.03915945444171852,0.07948175115530409,0.03915945444171852,0.07948175115530409,0.03915945444171852,0.07948175115530409,0.1452292767494382,0.25678054980412407,0.1452292767494382,0.25678054980412407,0.21755120262939764,0.35429763860541075,0.21755120262939764,0.35429763860541075,0.2919255304418184,0.44683176388010354,0.3607222142712133,0.5250988885011686,0.41589735426456226,0.5845460080903863,0.4831842948118872,0.6527691184509854,0.5873794675716842,0.7515922426755284,0.5873794675716842,0.7515922426755284,0.6285658138944467,0.8105279448201305,0.6867988086556737,0.8554067872101853,0.8079091326355515,0.943622721889616,0.8079091326355515,0.943622721889616,0.9087248545998546,1.0,0.9087248545998546,1.0,0.9127775505637254,1.0,0.9394872845677568,1.0,0.9431468747249084,1.0,0.9457867180099567,1.0,1.0,1.0,1.0,1.0,1.0,1.0,1.0,1.0,1.0,1.0,1.0,1.0,1.0,1.0,1.0,1.0,1.0,1.0,1.0,1.0,1.0,1.0
Motorola_Edge_F827_01.jpg,train,F827,Motorola_Edge,4.5968,0.22984000000000002,0.19451074348318018,0.30334203474957927,0.19451074348318018,0.30334203474957927,0.19451074348318018,0.30334203474957927,0.19451074348318018,0.30334203474957927,0.19451074348318018,0.30334203474957927,0.19451074348318018,0.30334203474957927,0.19451074348318018,0.30334203474957927,0.19451074348318018,0.30334203474957927,0.19451074348318018,0.30334203474957927,0.19451074348318018,0.30334203474957927,0.4346095994651319,0.5928846787808395,0.4346095994651319,0.5928846787808395,0.5847696103847777,0.7281779398050519,0.5847696103847777,0.7281779398050519,0.7041838050478201,0.8161819587449447,0.8002692502852706,0.8794242160057991,0.8622387775997091,0.9179814565923776,0.9239590787853621,0.9543442696990323,1.0,1.0,1.0,1.0,1.0,1.0,1.0,1.0,1.0,1.0,1.0,1.0,1.0,1.0,1.0,1.0,1.0,1.0,1.0,1.0,1.0,1.0,1.0,1.0,1.0,1.0,1.0,1.0,1.0,1.0,1.0,1.0,1.0,1.0,1.0,1.0
Motorola_Edge_F827_02.jpg,train,F827,Motorola_Edge,4.5968,0.22984000000000002,0.20083986184053385,0.30258175372057533,0.20083986184053385,0.30258175372057533,0.20083986184053385,0.30258175372057533,0.20083986184053385,0.30258175372057533,0.20083986184053385,0.30258175372057533,0.20083986184053385,0.30258175372057533,0.20083986184053385,0.30258175372057533,0.20083986184053385,0.30258175372057533,0.20083986184053385,0.30258175372057533,0.20083986184053385,0.30258175372057533,0.43792346566185997,0.5893313072044744,0.43792346566185997,0.5893313072044744,0.5835209337350357,0.7227521546562342,0.5835209337350357,0.7227521546562342,0.6998736094447425,0.810687698416462,0.7975602441827531,0.8756200376940759,0.8586281586099147,0.9140669517051316,0.9213557457914034,0.9524662087243039,1.0,1.0,1.0,1.0,1.0,1.0,1.0,1.0,1.0,1.0,1.0,1.0,1.0,1.0,1.0,1.0,1.0,1.0,1.0,1.0,1.0,1.0,1.0,1.0,1.0,1.0,1.0,1.0,1.0,1.0,1.0,1.0,1.0,1.0,1.0,1.0
Motorola_Edge_G190_01.jpg,train,G190,Motorola_Edge,4.5968,0.22984000000000002,0.15385973267737416,0.24066291538188458,0.15385973267737416,0.24066291538188458,0.15385973267737416,0.24066291538188458,0.15385973267737416,0.24066291538188458,0.15385973267737416,0.24066291538188458,0.15385973267737416,0.24066291538188458,0.15385973267737416,0.24066291538188458,0.15385973267737416,0.24066291538188458,0.15385973267737416,0.24066291538188458,0.15385973267737416,0.24066291538188458,0.39224789587240977,0.5365501330217335,0.39224789587240977,0.5365501330217335,0.550744815707897,0.6874053198012418,0.550744815707897,0.6874053198012418,0.6777553133881457,0.791613749460637,0.7807472268963188,0.865332109159079,0.8464810113000129,0.9084425660535678,0.9139184569769339,0.9501554655274564,1.0,1.0,1.0,1.0,1.0,1.0,1.0,1.0,1.0,1.0,1.0,1.0,1.0,1.0,1.0,1.0,1.0,1.0,1.0,1.0,1.0,1.0,1.0,1.0,1.0,1.0,1.0,1.0,1.0,1.0,1.0,1.0,1.0,1.0,1.0,1.0
Motorola_Edge_G190_02.jpg,train,G190,Motorola_Edge,4.5968,0.22984000000000002,0.18595255113525477,0.26797986073855307,0.18595255113525477,0.26797986073855307,0.18595255113525477,0.26797986073855307,0.18595255113525477,0.26797986073855307,0.18595255113525477,0.26797986073855307,0.18595255113525477,0.26797986073855307,0.18595255113525477,0.26797986073855307,0.18595255113525477,0.26797986073855307,0.18595255113525477,0.26797986073855307,0.18595255113525477,0.26797986073855307,0.4356928828590729,0.5592324725279066,0.4356928828590729,0.5592324725279066,0.5905960242406841,0.7053055178838342,0.5905960242406841,0.7053055178838342,0.7110034308363821,0.8011560134813173,0.8041169806443983,0.8693572333075251,0.8627230013820882,0.911042216291008,0.921760205653698,0.9514388458423115,1.0,1.0,1.0,1.0,1.0,1.0,1.0,1.0,1.0,1.0,1.0,1.0,1.0,1.0,1.0,1.0,1.0,1.0,1.0,1.0,1.0,1.0,1.0,1.0,1.0,1.0,1.0,1.0,1.0,1.0,1.0,1.0,1.0,1.0,1.0,1.0
Motorola_Edge_H030_01.jpg,train,H030,Motorola_Edge,4.5968,0.22984000000000002,0.11928065136399049,0.1807172408079665,0.11928065136399049,0.1807172408079665,0.11928065136399049,0.1807172408079665,0.11928065136399049,0.1807172408079665,0.11928065136399049,0.1807172408079665,0.11928065136399049,0.1807172408079665,0.11928065136399049,0.1807172408079665,0.11928065136399049,0.1807172408079665,0.11928065136399049,0.1807172408079665,0.11928065136399049,0.1807172408079665,0.28718727078719775,0.4221104925561088,0.28718727078719775,0.4221104925561088,0.41668701770837363,0.5711989953948713,0.41668701770837363,0.5711989953948713,0.5520559421960854,0.6957678972712802,0.6751065209764222,0.7913580897080602,0.76618390419433,0.8526689057829488,0.8649749238481027,0.9171118484312961,1.0,1.0,1.0,1.0,1.0,1.0,1.0,1.0,1.0,1.0,1.0,1.0,1.0,1.0,1.0,1.0,1.0,1.0,1.0,1.0,1.0,1.0,1.0,1.0,1.0,1.0,1.0,1.0,1.0,1.0,1.0,1.0,1.0,1.0,1.0,1.0
Motorola_Edge_H030_02.jpg,train,H030,Motorola_Edge,4.5968,0.22984000000000002,0.14036091230586537,0.2209398410202449,0.14036091230586537,0.2209398410202449,0.14036091230586537,0.2209398410202449,0.14036091230586537,0.2209398410202449,0.14036091230586537,0.2209398410202449,0.14036091230586537,0.2209398410202449,0.14036091230586537,0.2209398410202449,0.14036091230586537,0.2209398410202449,0.14036091230586537,0.2209398410202449,0.14036091230586537,0.2209398410202449,0.32644895006553976,0.48753345251266333,0.32644895006553976,0.48753345251266333,0.470606227466381,0.6410006185320712,0.470606227466381,0.6410006185320712,0.6090689833826795,0.754908725672842,0.727494187988922,0.8391128324965511,0.8076631892110118,0.8889296382422597,0.8901527182126147,0.9374111790460397,1.0,1.0,1.0,1.0,1.0,1.0,1.0,1.0,1.0,1.0,1.0,1.0,1.0,1.0,1.0,1.0,1.0,1.0,1.0,1.0,1.0,1.0,1.0,1.0,1.0,1.0,1.0,1.0,1.0,1.0,1.0,1.0,1.0,1.0,1.0,1.0
Motorola_Edge_H030_03.jpg,train,H030,Motorola_Edge,4.5968,0.22984000000000002,0.17827565074461107,0.2569294386471242,0.17827565074461107,0.2569294386471242,0.17827565074461107,0.2569294386471242,0.17827565074461107,0.2569294386471242,0.17827565074461107,0.2569294386471242,0.17827565074461107,0.2569294386471242,0.17827565074461107,0.2569294386471242,0.17827565074461107,0.2569294386471242,0.17827565074461107,0.2569294386471242,0.17827565074461107,0.2569294386471242,0.3935001513604326,0.5306187005469435,0.3935001513604326,0.5306187005469435,0.5388018598191519,0.6761009801711759,0.5388018598191519,0.6761009801711759,0.6662711462001272,0.7803583881478867,0.7724205814016751,0.8580068890497184,0.8422511479708034,0.9031378782579356,0.9119649945989605,0.946461033924318,1.0,1.0,1.0,1.0,1.0,1.0,1.0,1.0,1.0,1.0,1.0,1.0,1.0,1.0,1.0,1.0,1.0,1.0,1.0,1.0,1.0,1.0,1.0,1.0,1.0,1.0,1.0,1.0,1.0,1.0,1.0,1.0,1.0,1.0,1.0,1.0
Motorola_Edge_H030_04.jpg,train,H030,Motorola_Edge,4.5968,0.22984000000000002,0.19569108593104287,0.30252591738731244,0.19569108593104287,0.30252591738731244,0.19569108593104287,0.30252591738731244,0.19569108593104287,0.30252591738731244,0.19569108593104287,0.30252591738731244,0.19569108593104287,0.30252591738731244,0.19569108593104287,0.30252591738731244,0.19569108593104287,0.30252591738731244,0.19569108593104287,0.30252591738731244,0.19569108593104287,0.30252591738731244,0.4232266822462005,0.5853495143953703,0.4232266822462005,0.5853495143953703,0.5656148591664458,0.7184906431008558,0.5656148591664458,0.7184906431008558,0.6851709371449435,0.8087570742743801,0.7841350291285019,0.8743800015897284,0.8490219197206332,0.9131579937747495,0.9160798898003353,0.9531769658824817,1.0,1.0,1.0,1.0,1.0,1.0,1.0,1.0,1.0,1.0,1.0,1.0,1.0,1.0,1.0,1.0,1.0,1.0,1.0,1.0,1.0,1.0,1.0,1.0,1.0,1.0,1.0,1.0,1.0,1.0,1.0,1.0,1.0,1.0,1.0,1.0
Motorola_Edge_H037_01.jpg,train,H037,Motorola_Edge,4.5968,0.22984000000000002,0.18044028158272704,0.27917297404425784,0.18044028158272704,0.27917297404425784,0.18044028158272704,0.27917297404425784,0.18044028158272704,0.27917297404425784,0.18044028158272704,0.27917297404425784,0.18044028158272704,0.27917297404425784,0.18044028158272704,0.27917297404425784,0.18044028158272704,0.27917297404425784,0.18044028158272704,0.27917297404425784,0.18044028158272704,0.27917297404425784,0.3922320395748065,0.5528064413695963,0.3922320395748065,0.5528064413695963,0.5298998104695163,0.6900862803501264,0.5298998104695163,0.6900862803501264,0.6547841632615296,0.7879392955472433,0.7601601379010671,0.8611769858067299,0.830389632337996,0.9048560866658171,0.9051861619055227,0.947549151219179,1.0,1.0,1.0,1.0,1.0,1.0,1.0,1.0,1.0,1.0,1.0,1.0,1.0,1.0,1.0,1.0,1.0,1.0,1.0,1.0,1.0,1.0,1.0,1.0,1.0,1.0,1.0,1.0,1.0,1.0,1.0,1.0,1.0,1.0,1.0,1.0
Motorola_Edge_H037_02.jpg,train,H037,Motorola_Edge,4.5968,0.22984000000000002,0.1752275151521215,0.26968741635852445,0.1752275151521215,0.26968741635852445,0.1752275151521215,0.26968741635852445,0.1752275151521215,0.26968741635852445,0.1752275151521215,0.26968741635852445,0.1752275151521215,0.26968741635852445,0.1752275151521215,0.26968741635852445,0.1752275151521215,0.26968741635852445,0.1752275151521215,0.26968741635852445,0.1752275151521215,0.26968741635852445,0.3884130990962045,0.5419030629099567,0.3884130990962045,0.5419030629099567,0.5276579872220762,0.6774729830419473,0.5276579872220762,0.6774729830419473,0.6500548067740402,0.776188037863259,0.7579524539588013,0.851820757052778,0.8291121228587367,0.8994727683694487,0.9039613152298682,0.9435819694508724,1.0,1.0,1.0,1.0,1.0,1.0,1.0,1.0,1.0,1.0,1.0,1.0,1.0,1.0,1.0,1.0,1.0,1.0,1.0,1.0,1.0,1.0,1.0,1.0,1.0,1.0,1.0,1.0,1.0,1.0,1.0,1.0,1.0,1.0,1.0,1.0
Motorola_Edge_H037_03.jpg,train,H037,Motorola_Edge,4.5968,0.22984000000000002,0.13604110632495978,0.22090736583700124,0.13604110632495978,0.22090736583700124,0.13604110632495978,0.22090736583700124,0.13604110632495978,0.22090736583700124,0.13604110632495978,0.22090736583700124,0.13604110632495978,0.22090736583700124,0.13604110632495978,0.22090736583700124,0.13604110632495978,0.22090736583700124,0.13604110632495978,0.22090736583700124,0.13604110632495978,0.22090736583700124,0.3176517459774223,0.4791659227763188,0.3176517459774223,0.4791659227763188,0.4550688456414748,0.6261875347256752,0.4550688456414748,0.6261875347256752,0.5898251961125256,0.740243285573709,0.710124047477316,0.8270188534603141,0.7938290516956679,0.8805616326192395,0.8809740465631578,0.9346053499469114,1.0,1.0,1.0,1.0,1.0,1.0,1.0,1.0,1.0,1.0,1.0,1.0,1.0,1.0,1.0,1.0,1.0,1.0,1.0,1.0,1.0,1.0,1.0,1.0,1.0,1.0,1.0,1.0,1.0,1.0,1.0,1.0,1.0,1.0,1.0,1.0
Motorola_Edge_H038_01.jpg,train,H038,Motorola_Edge,4.5968,0.22984000000000002,0.16705303459348136,0.2433002679551137,0.16705303459348136,0.2433002679551137,0.16705303459348136,0.2433002679551137,0.16705303459348136,0.2433002679551137,0.16705303459348136,0.2433002679551137,0.16705303459348136,0.2433002679551137,0.16705303459348136,0.2433002679551137,0.16705303459348136,0.2433002679551137,0.16705303459348136,0.2433002679551137,0.16705303459348136,0.2433002679551137,0.3631733622682726,0.5026282603254857,0.3631733622682726,0.5026282603254857,0.4997212738706646,0.6490229125348812,0.4997212738706646,0.6490229125348812,0.625515871729,0.7580683555080173,0.7377022502816686,0.8380728008349477,0.8155545337157096,0.8888661274632724,0.8964443630395288,0.9386088920445664,1.0,1.0,1.0,1.0,1.0,1.0,1.0,1.0,1.0,1.0,1.0,1.0,1.0,1.0,1.0,1.0,1.0,1.0,1.0,1.0,1.0,1.0,1.0,1.0,1.0,1.0,1.0,1.0,1.0,1.0,1.0,1.0,1.0,1.0,1.0,1.0
Motorola_Edge_H038_02.jpg,train,H038,Motorola_Edge,4.5968,0.22984000000000002,0.15598655767446934,0.24293331956994957,0.15598655767446934,0.24293331956994957,0.15598655767446934,0.24293331956994957,0.15598655767446934,0.24293331956994957,0.15598655767446934,0.24293331956994957,0.15598655767446934,0.24293331956994957,0.15598655767446934,0.24293331956994957,0.15598655767446934,0.24293331956994957,0.15598655767446934,0.24293331956994957,0.15598655767446934,0.24293331956994957,0.3559872822877914,0.5126561931844916,0.3559872822877914,0.5126561931844916,0.49698139522417656,0.6605644726195856,0.49698139522417656,0.6605644726195856,0.6251686845197358,0.7686819626907603,0.7391352448608255,0.8467820487304468,0.8137945287026378,0.8934493234224576,0.8940215561561665,0.9408438286520402,1.0,1.0,1.0,1.0,1.0,1.0,1.0,1.0,1.0,1.0,1.0,1.0,1.0,1.0,1.0,1.0,1.0,1.0,1.0,1.0,1.0,1.0,1.0,1.0,1.0,1.0,1.0,1.0,1.0,1.0,1.0,1.0,1.0,1.0,1.0,1.0
Motorola_Edge_H038_03.jpg,train,H038,Motorola_Edge,4.5968,0.22984000000000002,0.14469268565750307,0.23252666134921568,0.14469268565750307,0.23252666134921568,0.14469268565750307,0.23252666134921568,0.14469268565750307,0.23252666134921568,0.14469268565750307,0.23252666134921568,0.14469268565750307,0.23252666134921568,0.14469268565750307,0.23252666134921568,0.14469268565750307,0.23252666134921568,0.14469268565750307,0.23252666134921568,0.14469268565750307,0.23252666134921568,0.3430881174652055,0.5050175788832801,0.3430881174652055,0.5050175788832801,0.4820072397926757,0.6511536434487556,0.4820072397926757,0.6511536434487556,0.6092110780083696,0.7614584807062114,0.7263623945366849,0.8431206671253245,0.8059687760684365,0.8919148256883381,0.8912336995674959,0.9416220038985333,1.0,1.0,1.0,1.0,1.0,1.0,1.0,1.0,1.0,1.0,1.0,1.0,1.0,1.0,1.0,1.0,1.0,1.0,1.0,1.0,1.0,1.0,1.0,1.0,1.0,1.0,1.0,1.0,1.0,1.0,1.0,1.0,1.0,1.0,1.0,1.0
Motorola_Edge_H126_01.jpg,train,H126,Motorola_Edge,4.5968,0.22984000000000002,0.16788129644816674,0.2780684200742296,0.16788129644816674,0.2780684200742296,0.16788129644816674,0.2780684200742296,0.16788129644816674,0.2780684200742296,0.16788129644816674,0.2780684200742296,0.16788129644816674,0.2780684200742296,0.16788129644816674,0.2780684200742296,0.16788129644816674,0.2780684200742296,0.16788129644816674,0.2780684200742296,0.16788129644816674,0.2780684200742296,0.36590598086960363,0.5496071042129868,0.36590598086960363,0.5496071042129868,0.5050467016475761,0.6886170130664858,0.5050467016475761,0.6886170130664858,0.6320904534458089,0.7856266648705282,0.7439614165057775,0.8564632764847003,0.8178325944555666,0.9014523318421809,0.8955894617323512,0.9445135547596605,1.0,1.0,1.0,1.0,1.0,1.0,1.0,1.0,1.0,1.0,1.0,1.0,1.0,1.0,1.0,1.0,1.0,1.0,1.0,1.0,1.0,1.0,1.0,1.0,1.0,1.0,1.0,1.0,1.0,1.0,1.0,1.0,1.0,1.0,1.0,1.0
Motorola_Edge_H126_02.jpg,train,H126,Motorola_Edge,4.5968,0.22984000000000002,0.16162062852664985,0.24966216204066427,0.16162062852664985,0.24966216204066427,0.16162062852664985,0.24966216204066427,0.16162062852664985,0.24966216204066427,0.16162062852664985,0.24966216204066427,0.16162062852664985,0.24966216204066427,0.16162062852664985,0.24966216204066427,0.16162062852664985,0.24966216204066427,0.16162062852664985,0.24966216204066427,0.16162062852664985,0.24966216204066427,0.354945959963724,0.5158403219925528,0.354945959963724,0.5158403219925528,0.49354843496412715,0.6632753868770199,0.49354843496412715,0.6632753868770199,0.6219681038448547,0.770350985370538,0.7349168240150249,0.8497372227447029,0.8150030615560988,0.8961619913316503,0.8973112260884641,0.9439279312662014,1.0,1.0,1.0,1.0,1.0,1.0,1.0,1.0,1.0,1.0,1.0,1.0,1.0,1.0,1.0,1.0,1.0,1.0,1.0,1.0,1.0,1.0,1.0,1.0,1.0,1.0,1.0,1.0,1.0,1.0,1.0,1.0,1.0,1.0,1.0,1.0
Motorola_Edge_H126_03.jpg,train,H126,Motorola_Edge,4.5968,0.22984000000000002,0.1740248036163576,0.2697047361677589,0.1740248036163576,0.2697047361677589,0.1740248036163576,0.2697047361677589,0.1740248036163576,0.2697047361677589,0.1740248036163576,0.2697047361677589,0.1740248036163576,0.2697047361677589,0.1740248036163576,0.2697047361677589,0.1740248036163576,0.2697047361677589,0.1740248036163576,0.2697047361677589,0.1740248036163576,0.2697047361677589,0.3867715229630001,0.5469356010200485,0.3867715229630001,0.5469356010200485,0.5291844249881262,0.6901037280184532,0.5291844249881262,0.6901037280184532,0.6590994770056385,0.7900712840562085,0.7677687029092897,0.8634156388160256,0.8385140237638214,0.9063000603458121,0.9104544685689581,0.9480211589555402,1.0,1.0,1.0,1.0,1.0,1.0,1.0,1.0,1.0,1.0,1.0,1.0,1.0,1.0,1.0,1.0,1.0,1.0,1.0,1.0,1.0,1.0,1.0,1.0,1.0,1.0,1.0,1.0,1.0,1.0,1.0,1.0,1.0,1.0,1.0,1.0
Motorola_Edge_H181_01.jpg,train,H181,Motorola_Edge,4.5968,0.22984000000000002,0.061188764424153365,0.11873515577617132,0.061188764424153365,0.11873515577617132,0.061188764424153365,0.11873515577617132,0.061188764424153365,0.11873515577617132,0.061188764424153365,0.11873515577617132,0.061188764424153365,0.11873515577617132,0.061188764424153365,0.11873515577617132,0.061188764424153365,0.11873515577617132,0.061188764424153365,0.11873515577617132,0.061188764424153365,0.11873515577617132,0.15381188564433076,0.29046510672230064,0.15381188564433076,0.29046510672230064,0.23480932103965785,0.4109051567762182,0.23480932103965785,0.4109051567762182,0.32817335432239303,0.5255834676811975,0.4283988723515811,0.628834103559602,0.5082413182601343,0.7020554693619142,0.6027869880210277,0.7797546943205401,0.7481539698175064,0.8871083184672754,0.7481539698175064,0.8871083184672754,0.8122087157054575,0.8871083184672754,0.875787198613163,0.9055722408632136,0.9961141052009231,0.9821211929816148,0.9961141052009231,0.9821211929816148,1.0,1.0,1.0,1.0,1.0,1.0,1.0,1.0,1.0,1.0,1.0,1.0,1.0,1.0,1.0,1.0,1.0,1.0,1.0,1.0,1.0,1.0,1.0,1.0
Motorola_Edge_H181_02.jpg,train,H181,Motorola_Edge,4.5968,0.22984000000000002,0.12378919485271153,0.19290567622113558,0.12378919485271153,0.19290567622113558,0.12378919485271153,0.19290567622113558,0.12378919485271153,0.19290567622113558,0.12378919485271153,0.19290567622113558,0.12378919485271153,0.19290567622113558,0.12378919485271153,0.19290567622113558,0.12378919485271153,0.19290567622113558,0.12378919485271153,0.19290567622113558,0.12378919485271153,0.19290567622113558,0.2666703775029444,0.4069297052726893,0.2666703775029444,0.4069297052726893,0.3774997942191662,0.5407501279118322,0.3774997942191662,0.5407501279118322,0.4971803096133658,0.6594990774165503,0.6122405542838035,0.7593460817614016,0.7020607106400657,0.8289126410728987,0.8068585343748568,0.9040740278384425,0.9491107189001313,1.0,0.9491107189001313,1.0,0.9491107189001313,1.0,0.9491107189001313,1.0,1.0,1.0,1.0,1.0,1.0,1.0,1.0,1.0,1.0,1.0,1.0,1.0,1.0,1.0,1.0,1.0,1.0,1.0,1.0,1.0,1.0,1.0,1.0,1.0,1.0,1.0,1.0,1.0
Motorola_Edge_H181_03.jpg,train,H181,Motorola_Edge,4.5968,0.22984000000000002,0.11108644353977237,0.17884150365186177,0.11108644353977237,0.17884150365186177,0.11108644353977237,0.17884150365186177,0.11108644353977237,0.17884150365186177,0.11108644353977237,0.17884150365186177,0.11108644353977237,0.17884150365186177,0.11108644353977237,0.17884150365186177,0.11108644353977237,0.17884150365186177,0.11108644353977237,0.17884150365186177,0.11108644353977237,0.17884150365186177,0.2388228695446161,0.3766923427255128,0.2388228695446161,0.3766923427255128,0.3371396777436959,0.5070080945627766,0.3371396777436959,0.5070080945627766,0.444055420289444,0.6270840603100178,0.5491895161221002,0.7319548456399382,0.6324877409234404,0.8076798072015525,0.7241640888107602,0.8888098615174088,0.8658962394558385,1.0,0.8658962394558385,1.0,0.8658962394558385,1.0,0.8658962394558385,1.0,1.0,1.0,1.0,1.0,1.0,1.0,1.0,1.0,1.0,1.0,1.0,1.0,1.0,1.0,1.0,1.0,1.0,1.0,1.0,1.0,1.0,1.0,1.0,1.0,1.0,1.0,1.0,1.0
Motorola_Edge_H181_04.jpg,train,H181,Motorola_Edge,4.5968,0.22984000000000002,0.11077731041503736,0.17112607582735287,0.11077731041503736,0.17112607582735287,0.11077731041503736,0.17112607582735287,0.11077731041503736,0.17112607582735287,0.11077731041503736,0.17112607582735287,0.11077731041503736,0.17112607582735287,0.11077731041503736,0.17112607582735287,0.11077731041503736,0.17112607582735287,0.11077731041503736,0.17112607582735287,0.11077731041503736,0.17112607582735287,0.2366786355658263,0.3659088537367055,0.2366786355658263,0.3659088537367055,0.33177112830693056,0.49735237783629477,0.33177112830693056,0.49735237783629477,0.4351961609964863,0.623332099391469,0.5369970477369318,0.7314965375922942,0.6146047956374059,0.8088871450475443,0.7071699084547342,0.890904694183336,0.8497143503372011,1.0,0.8497143503372011,1.0,0.8497143503372011,1.0,0.8945932529996661,1.0,1.0,1.0,1.0,1.0,1.0,1.0,1.0,1.0,1.0,1.0,1.0,1.0,1.0,1.0,1.0,1.0,1.0,1.0,1.0,1.0,1.0,1.0,1.0,1.0,1.0,1.0,1.0,1.0
Motorola_Edge_H183_01.jpg,train,H183,Motorola_Edge,4.5968,0.22984000000000002,0.09720195438271136,0.14703129890609187,0.09720195438271136,0.14703129890609187,0.09720195438271136,0.14703129890609187,0.09720195438271136,0.14703129890609187,0.09720195438271136,0.14703129890609187,0.09720195438271136,0.14703129890609187,0.09720195438271136,0.14703129890609187,0.09720195438271136,0.14703129890609187,0.09720195438271136,0.14703129890609187,0.09720195438271136,0.14703129890609187,0.20239666819465843,0.31083789777726456,0.20239666819465843,0.31083789777726456,0.28054770030225024,0.4253605327885907,0.28054770030225024,0.4253605327885907,0.36849380336480636,0.5396109113024574,0.45303380779616,0.6471010651526341,0.5195389044046157,0.7271132122533605,0.6035646905355179,0.819019496355039,0.7336657217366835,0.953332230464533,0.7336657217366835,0.953332230464533,0.7605173847188766,0.953332230464533,0.8359067565393389,0.953332230464533,0.9756680145275178,1.0,0.9756680145275178,1.0,1.0,1.0,1.0,1.0,1.0,1.0,1.0,1.0,1.0,1.0,1.0,1.0,1.0,1.0,1.0,1.0,1.0,1.0,1.0,1.0,1.0,1.0,1.0,1.0
Motorola_Edge_H183_02.jpg,train,H183,Motorola_Edge,4.5968,0.22984000000000002,0.06031456330137623,0.11797631798984537,0.06031456330137623,0.11797631798984537,0.06031456330137623,0.11797631798984537,0.06031456330137623,0.11797631798984537,0.06031456330137623,0.11797631798984537,0.06031456330137623,0.11797631798984537,0.06031456330137623,0.11797631798984537,0.06031456330137623,0.11797631798984537,0.06031456330137623,0.11797631798984537,0.06031456330137623,0.11797631798984537,0.15024574612561412,0.29052801985806526,0.15024574612561412,0.29052801985806526,0.23248799153705027,0.4197215570667419,0.23248799153705027,0.4197215570667419,0.33021933594545866,0.5451093630783159,0.42884273999255607,0.6527807017222952,0.5097885120578343,0.730760462318254,0.6085410579556104,0.8123235249495351,0.7607571969005187,0.9186338553092723,0.7607571969005187,0.9186338553092723,0.8132966484562841,0.9186338553092723,0.8787437695601753,0.9311818926929111,1.0,0.9956522321928565,1.0,0.9956522321928565,1.0,1.0,1.0,1.0,1.0,1.0,1.0,1.0,1.0,1.0,1.0,1.0,1.0,1.0,1.0,1.0,1.0,1.0,1.0,1.0,1.0,1.0,1.0,1.0
Motorola_Edge_H183_03.jpg,train,H183,Motorola_Edge,4.5968,0.22984000000000002,0.10424471023509038,0.17118152036656076,0.10424471023509038,0.17118152036656076,0.10424471023509038,0.17118152036656076,0.10424471023509038,0.17118152036656076,0.10424471023509038,0.17118152036656076,0.10424471023509038,0.17118152036656076,0.10424471023509038,0.17118152036656076,0.10424471023509038,0.17118152036656076,0.10424471023509038,0.17118152036656076,0.10424471023509038,0.17118152036656076,0.2234890137462436,0.3654804104538288,0.2234890137462436,0.3654804104538288,0.3159238745422524,0.49591645852441774,0.3159238745422524,0.49591645852441774,0.4182571195481078,0.6208587693122402,0.518093836952823,0.7286915005043535,0.5985569744726467,0.8048279157931915,0.6958050572478136,0.8891775554372743,0.8445143553383292,1.0,0.8445143553383292,1.0,0.8445143553383292,1.0,0.8978036195401221,1.0,1.0,1.0,1.0,1.0,1.0,1.0,1.0,1.0,1.0,1.0,1.0,1.0,1.0,1.0,1.0,1.0,1.0,1.0,1.0,1.0,1.0,1.0,1.0,1.0,1.0,1.0,1.0,1.0
Motorola_Edge_H183_04.jpg,train,H183,Motorola_Edge,4.5968,0.22984000000000002,0.07968866672448112,0.13671670247465248,0.07968866672448112,0.13671670247465248,0.07968866672448112,0.13671670247465248,0.07968866672448112,0.13671670247465248,0.07968866672448112,0.13671670247465248,0.07968866672448112,0.13671670247465248,0.07968866672448112,0.13671670247465248,0.07968866672448112,0.13671670247465248,0.07968866672448112,0.13671670247465248,0.07968866672448112,0.13671670247465248,0.18135597673373133,0.3124769145762873,0.18135597673373133,0.3124769145762873,0.26419479296298903,0.43552967381314944,0.26419479296298903,0.43552967381314944,0.3595274413547373,0.5563891589957753,0.4538833263428838,0.6615002233188436,0.5293974715455646,0.7412432291681353,0.6206090582344773,0.827504655679647,0.764538266706476,0.9451580275176381,0.764538266706476,0.9451580275176381,0.7871003580292026,0.9451580275176381,0.8586810316065606,0.9451580275176381,0.9705074358135803,1.0,0.9705074358135803,1.0,1.0,1.0,1.0,1.0,1.0,1.0,1.0,1.0,1.0,1.0,1.0,1.0,1.0,1.0,1.0,1.0,1.0,1.0,1.0,1.0,1.0,1.0,1.0,1.0
Motorola_Edge_H366_01.jpg,train,H366,Motorola_Edge,4.5968,0.22984000000000002,0.13774569495674172,0.19357675290935591,0.13774569495674172,0.19357675290935591,0.13774569495674172,0.19357675290935591,0.13774569495674172,0.19357675290935591,0.13774569495674172,0.19357675290935591,0.13774569495674172,0.19357675290935591,0.13774569495674172,0.19357675290935591,0.13774569495674172,0.19357675290935591,0.13774569495674172,0.19357675290935591,0.13774569495674172,0.19357675290935591,0.30070838612886486,0.41039562619866,0.30070838612886486,0.41039562619866,0.41772844672193526,0.5470396761879305,0.41772844672193526,0.5470396761879305,0.5335723942558446,0.666831876892621,0.6439334498974142,0.764428258017495,0.7246908318286243,0.8302059276667682,0.8119917301506241,0.9020801882502674,0.9407834508996261,1.0,0.9407834508996261,1.0,0.9407834508996261,1.0,0.9407834508996261,1.0,1.0,1.0,1.0,1.0,1.0,1.0,1.0,1.0,1.0,1.0,1.0,1.0,1.0,1.0,1.0,1.0,1.0,1.0,1.0,1.0,1.0,1.0,1.0,1.0,1.0,1.0,1.0,1.0
Motorola_Edge_H366_02.jpg,train,H366,Motorola_Edge,4.5968,0.22984000000000002,0.1276892945839575,0.19369470114576715,0.1276892945839575,0.19369470114576715,0.1276892945839575,0.19369470114576715,0.1276892945839575,0.19369470114576715,0.1276892945839575,0.19369470114576715,0.1276892945839575,0.19369470114576715,0.1276892945839575,0.19369470114576715,0.1276892945839575,0.19369470114576715,0.1276892945839575,0.19369470114576715,0.1276892945839575,0.19369470114576715,0.2733794507726916,0.40714355241699696,0.2733794507726916,0.40714355241699696,0.3818156504460467,0.5442271655471345,0.3818156504460467,0.5442271655471345,0.49107894935825486,0.6632138306011154,0.5966648606827814,0.7610660449447105,0.6751059326408908,0.8310322014225474,0.7681879772459087,0.902505504980434,0.9038984805643294,1.0,0.9038984805643294,1.0,0.9038984805643294,1.0,0.9038984805643294,1.0,1.0,1.0,1.0,1.0,1.0,1.0,1.0,1.0,1.0,1.0,1.0,1.0,1.0,1.0,1.0,1.0,1.0,1.0,1.0,1.0,1.0,1.0,1.0,1.0,1.0,1.0,1.0,1.0
Motorola_Edge_H366_03.jpg,train,H366,Motorola_Edge,4.5968,0.22984000000000002,0.11148269438809913,0.18020465359329232,0.11148269438809913,0.18020465359329232,0.11148269438809913,0.18020465359329232,0.11148269438809913,0.18020465359329232,0.11148269438809913,0.18020465359329232,0.11148269438809913,0.18020465359329232,0.11148269438809913,0.18020465359329232,0.11148269438809913,0.18020465359329232,0.11148269438809913,0.18020465359329232,0.11148269438809913,0.18020465359329232,0.24701685076970445,0.39271058036933504,0.24701685076970445,0.39271058036933504,0.35381869572636543,0.5302362643440912,0.35381869572636543,0.5302362643440912,0.46686022596984617,0.6547535326733522,0.5746368594075697,0.7575842875503526,0.6600756310045078,0.8278846434188206,0.7569218632351999,0.9033568369696363,0.8979856239798136,1.0,0.8979856239798136,1.0,0.8979856239798136,1.0,0.8979856239798136,1.0,1.0,1.0,1.0,1.0,1.0,1.0,1.0,1.0,1.0,1.0,1.0,1.0,1.0,1.0,1.0,1.0,1.0,1.0,1.0,1.0,1.0,1.0,1.0,1.0,1.0,1.0,1.0,1.0
Motorola_Edge_H366_04.jpg,train,H366,Motorola_Edge,4.5968,0.22984000000000002,0.11371063916668965,0.1729313746357174,0.11371063916668965,0.1729313746357174,0.11371063916668965,0.1729313746357174,0.11371063916668965,0.1729313746357174,0.11371063916668965,0.1729313746357174,0.11371063916668965,0.1729313746357174,0.11371063916668965,0.1729313746357174,0.11371063916668965,0.1729313746357174,0.11371063916668965,0.1729313746357174,0.11371063916668965,0.1729313746357174,0.24706581783758277,0.37093903219803753,0.24706581783758277,0.37093903219803753,0.35054958629121385,0.5044702846032467,0.35054958629121385,0.5044702846032467,0.45950189704484445,0.6310874834406583,0.5613156191835281,0.7377021683461323,0.6423071628807938,0.8136453124325428,0.7394687001717057,0.8928542708008512,0.8850011192908189,1.0,0.8850011192908189,1.0,0.8850011192908189,1.0,0.888532602811743,1.0,1.0,1.0,1.0,1.0,1.0,1.0,1.0,1.0,1.0,1.0,1.0,1.0,1.0,1.0,1.0,1.0,1.0,1.0,1.0,1.0,1.0,1.0,1.0,1.0,1.0,1.0,1.0,1.0
Motorola_Edge_H367_01.jpg,train,H367,Motorola_Edge,4.5968,0.22984000000000002,0.13360719511812932,0.20530084808256363,0.13360719511812932,0.20530084808256363,0.13360719511812932,0.20530084808256363,0.13360719511812932,0.20530084808256363,0.13360719511812932,0.20530084808256363,0.13360719511812932,0.20530084808256363,0.13360719511812932,0.20530084808256363,0.13360719511812932,0.20530084808256363,0.13360719511812932,0.20530084808256363,0.13360719511812932,0.20530084808256363,0.2956966720936925,0.43550561086983663,0.2956966720936925,0.43550561086983663,0.41679490324480367,0.5777665812451966,0.41679490324480367,0.5777665812451966,0.5440239792655039,0.693846630013953,0.664750149668055,0.7886333759706357,0.7556505413427651,0.8531607691305458,0.8559765684478914,0.9182598445813245,0.9963193298081674,1.0,0.9963193298081674,1.0,0.9963193298081674,1.0,0.9963193298081674,1.0,1.0,1.0,1.0,1.0,1.0,1.0,1.0,1.0,1.0,1.0,1.0,1.0,1.0,1.0,1.0,1.0,1.0,1.0,1.0,1.0,1.0,1.0,1.0,1.0,1.0,1.0,1.0,1.0
Motorola_Edge_H367_02.jpg,train,H367,Motorola_Edge,4.5968,0.22984000000000002,0.08575016878187787,0.14737836688470743,0.08575016878187787,0.14737836688470743,0.08575016878187787,0.14737836688470743,0.08575016878187787,0.14737836688470743,0.08575016878187787,0.14737836688470743,0.08575016878187787,0.14737836688470743,0.08575016878187787,0.14737836688470743,0.08575016878187787,0.14737836688470743,0.08575016878187787,0.14737836688470743,0.08575016878187787,0.14737836688470743,0.1921107481612798,0.32739332076033356,0.1921107481612798,0.32739332076033356,0.2771207521760142,0.4506116532388559,0.2771207521760142,0.4506116532388559,0.3738153905498316,0.5723968661134136,0.47002837504824385,0.6816512934313546,0.5495792472611093,0.7605408379195792,0.6477988757895579,0.846060362115457,0.7863610656690763,0.9654146454351955,0.7863610656690763,0.9654146454351955,0.7975972662501498,0.9654146454351955,0.8642281481543921,0.9654146454351955,0.9793553423207839,1.0,0.9793553423207839,1.0,1.0,1.0,1.0,1.0,1.0,1.0,1.0,1.0,1.0,1.0,1.0,1.0,1.0,1.0,1.0,1.0,1.0,1.0,1.0,1.0,1.0,1.0,1.0,1.0
Motorola_Edge_H367_03.jpg,train,H367,Motorola_Edge,4.5968,0.22984000000000002,0.06570839925501028,0.1253835801989036,0.06570839925501028,0.1253835801989036,0.06570839925501028,0.1253835801989036,0.06570839925501028,0.1253835801989036,0.06570839925501028,0.1253835801989036,0.06570839925501028,0.1253835801989036,0.06570839925501028,0.1253835801989036,0.06570839925501028,0.1253835801989036,0.06570839925501028,0.1253835801989036,0.06570839925501028,0.1253835801989036,0.1761626439068795,0.32134849551352773,0.1761626439068795,0.32134849551352773,0.27192695939737555,0.45498163224897037,0.27192695939737555,0.45498163224897037,0.3812767721734953,0.5830032551078225,0.48669490811969846,0.6876166920179044,0.5686697374310778,0.7583483556529486,0.6617880447987694,0.8372645747386692,0.8097264890071847,0.9392901477633228,0.8097264890071847,0.9392901477633228,0.8351451495222035,0.9392901477633228,0.8966460289428685,0.9392901477633228,1.0,1.0,1.0,1.0,1.0,1.0,1.0,1.0,1.0,1.0,1.0,1.0,1.0,1.0,1.0,1.0,1.0,1.0,1.0,1.0,1.0,1.0,1.0,1.0,1.0,1.0,1.0,1.0
Motorola_Edge_H368_01.jpg,train,H368,Motorola_Edge,4.5968,0.22984000000000002,0.11653583899150391,0.16925603409847878,0.11653583899150391,0.16925603409847878,0.11653583899150391,0.16925603409847878,0.11653583899150391,0.16925603409847878,0.11653583899150391,0.16925603409847878,0.11653583899150391,0.16925603409847878,0.11653583899150391,0.16925603409847878,0.11653583899150391,0.16925603409847878,0.11653583899150391,0.16925603409847878,0.11653583899150391,0.16925603409847878,0.25748962812864307,0.3700156815928313,0.25748962812864307,0.3700156815928313,0.36771923119581285,0.5074414054501084,0.36771923119581285,0.5074414054501084,0.48712207295512755,0.6357789639490491,0.5941787383059938,0.7422312430270708,0.6761623621580526,0.8163824272530443,0.7716027518650076,0.8965975999496654,0.9004600801853085,1.0,0.9004600801853085,1.0,0.9004600801853085,1.0,0.9229086117442585,1.0,1.0,1.0,1.0,1.0,1.0,1.0,1.0,1.0,1.0,1.0,1.0,1.0,1.0,1.0,1.0,1.0,1.0,1.0,1.0,1.0,1.0,1.0,1.0,1.0,1.0,1.0,1.0,1.0
Motorola_Edge_H368_02.jpg,train,H368,Motorola_Edge,4.5968,0.22984000000000002,0.0796914337458167,0.14565341250052016,0.0796914337458167,0.14565341250052016,0.0796914337458167,0.14565341250052016,0.0796914337458167,0.14565341250052016,0.0796914337458167,0.14565341250052016,0.0796914337458167,0.14565341250052016,0.0796914337458167,0.14565341250052016,0.0796914337458167,0.14565341250052016,0.0796914337458167,0.14565341250052016,0.0796914337458167,0.14565341250052016,0.1865244536867647,0.33666056606283845,0.1865244536867647,0.33666056606283845,0.27440121135508877,0.46743760780841065,0.27440121135508877,0.46743760780841065,0.3713760664642394,0.5922950460232227,0.47198320268201277,0.6964655679649686,0.5523108591341802,0.7706012973029374,0.64554317427263,0.8547705733730491,0.7951904587552979,0.960578994776606,0.7951904587552979,0.960578994776606,0.8023163082105746,0.960578994776606,0.8730500357867041,0.960578994776606,0.9830041299213046,1.0,0.9830041299213046,1.0,1.0,1.0,1.0,1.0,1.0,1.0,1.0,1.0,1.0,1.0,1.0,1.0,1.0,1.0,1.0,1.0,1.0,1.0,1.0,1.0,1.0,1.0,1.0,1.0
Motorola_Edge_H368_03.jpg,train,H368,Motorola_Edge,4.5968,0.22984000000000002,0.046714923309561146,0.08831261296913824,0.046714923309561146,0.08831261296913824,0.046714923309561146,0.08831261296913824,0.046714923309561146,0.08831261296913824,0.046714923309561146,0.08831261296913824,0.046714923309561146,0.08831261296913824,0.046714923309561146,0.08831261296913824,0.046714923309561146,0.08831261296913824,0.046714923309561146,0.08831261296913824,0.046714923309561146,0.08831261296913824,0.114638941336629,0.21796209119986068,0.114638941336629,0.21796209119986068,0.17258853915107478,0.3159161714356425,0.17258853915107478,0.3159161714356425,0.24196072783031783,0.42173144333643214,0.31537428376841564,0.516627748571813,0.3770071524410089,0.589185610921128,0.4555371630613286,0.6705397995058311,0.5872032372920921,0.7942856645634581,0.5872032372920921,0.7942856645634581,0.694116811518229,0.8296977868378362,0.7644818259886783,0.8810852869987201,0.9020746481222487,0.9656239036788766,0.9020746481222487,0.9656239036788766,1.0,1.0,1.0,1.0,1.0,1.0,1.0,1.0,1.0,1.0,1.0,1.0,1.0,1.0,1.0,1.0,1.0,1.0,1.0,1.0,1.0,1.0,1.0,1.0
Motorola_Edge_H368_04.jpg,train,H368,Motorola_Edge,4.5968,0.22984000000000002,0.07798295245555854,0.13965017287079237,0.07798295245555854,0.13965017287079237,0.07798295245555854,0.13965017287079237,0.07798295245555854,0.13965017287079237,0.07798295245555854,0.13965017287079237,0.07798295245555854,0.13965017287079237,0.07798295245555854,0.13965017287079237,0.07798295245555854,0.13965017287079237,0.07798295245555854,0.13965017287079237,0.07798295245555854,0.13965017287079237,0.17362194811373335,0.3037452491330007,0.17362194811373335,0.3037452491330007,0.24995354948145884,0.4192003725039986,0.24995354948145884,0.4192003725039986,0.3379024562867892,0.5374769808942123,0.4273504101841661,0.6436976528293125,0.5000517087028031,0.7243858161158034,0.5879452334968804,0.8171943016285453,0.727008336525308,0.9388054866044993,0.727008336525308,0.9388054866044993,0.7597443717335208,0.9388054866044993,0.823347239212918,0.9388054866044993,0.9547956390791609,1.0,0.9547956390791609,1.0,1.0,1.0,1.0,1.0,1.0,1.0,1.0,1.0,1.0,1.0,1.0,1.0,1.0,1.0,1.0,1.0,1.0,1.0,1.0,1.0,1.0,1.0,1.0,1.0
Motorola_Edge_H371_01.jpg,train,H371,Motorola_Edge,4.5968,0.22984000000000002,0.11487180515204329,0.17377634028519193,0.11487180515204329,0.17377634028519193,0.11487180515204329,0.17377634028519193,0.11487180515204329,0.17377634028519193,0.11487180515204329,0.17377634028519193,0.11487180515204329,0.17377634028519193,0.11487180515204329,0.17377634028519193,0.11487180515204329,0.17377634028519193,0.11487180515204329,0.17377634028519193,0.11487180515204329,0.17377634028519193,0.2645354384964092,0.3892971591729968,0.2645354384964092,0.3892971591729968,0.37966057686773425,0.5325894052016147,0.37966057686773425,0.5325894052016147,0.49899042510984154,0.6620645004763027,0.6108649869683566,0.7672404516355462,0.6943964740857819,0.8384258206247126,0.7884947418473738,0.9091463798406141,0.9193410259938821,1.0,0.9193410259938821,1.0,0.9193410259938821,1.0,0.9193410259938821,1.0,1.0,1.0,1.0,1.0,1.0,1.0,1.0,1.0,1.0,1.0,1.0,1.0,1.0,1.0,1.0,1.0,1.0,1.0,1.0,1.0,1.0,1.0,1.0,1.0,1.0,1.0,1.0,1.0
Motorola_Edge_H371_02.jpg,train,H371,Motorola_Edge,4.5968,0.22984000000000002,0.052867496865820755,0.09708537887001464,0.052867496865820755,0.09708537887001464,0.052867496865820755,0.09708537887001464,0.052867496865820755,0.09708537887001464,0.052867496865820755,0.09708537887001464,0.052867496865820755,0.09708537887001464,0.052867496865820755,0.09708537887001464,0.052867496865820755,0.09708537887001464,0.052867496865820755,0.09708537887001464,0.052867496865820755,0.09708537887001464,0.13777159823584023,0.25209976198135886,0.13777159823584023,0.25209976198135886,0.21203738793052673,0.364936134519162,0.21203738793052673,0.364936134519162,0.3015008715787935,0.4820200590198457,0.3935867921286917,0.5865755609566176,0.469220119587355,0.6677038034476355,0.564110151047595,0.7535103326612649,0.710670878629587,0.8738044064154483,0.710670878629587,0.8738044064154483,0.8003592320235455,0.8835326406574233,0.8675296403199243,0.9210586281943369,0.9752131302822161,1.0,0.9752131302822161,1.0,1.0,1.0,1.0,1.0,1.0,1.0,1.0,1.0,1.0,1.0,1.0,1.0,1.0,1.0,1.0,1.0,1.0,1.0,1.0,1.0,1.0,1.0,1.0,1.0
Motorola_Edge_H371_03.jpg,train,H371,Motorola_Edge,4.5968,0.22984000000000002,0.06725787492008503,0.11083255464644413,0.06725787492008503,0.11083255464644413,0.06725787492008503,0.11083255464644413,0.06725787492008503,0.11083255464644413,0.06725787492008503,0.11083255464644413,0.06725787492008503,0.11083255464644413,0.06725787492008503,0.11083255464644413,0.06725787492008503,0.11083255464644413,0.06725787492008503,0.11083255464644413,0.06725787492008503,0.11083255464644413,0.15008872549517752,0.24920975272297638,0.15008872549517752,0.24920975272297638,0.2216961763016666,0.3535657596725645,0.2216961763016666,0.3535657596725645,0.3015755355654414,0.46288462202544284,0.3809744787393974,0.5648038762837947,0.4509346645447483,0.638955512385785,0.5367530638021974,0.7237835609451665,0.6718641798806865,0.8423713845389579,0.6718641798806865,0.8423713845389579,0.7189727994502771,0.8423713845389579,0.7832184251053119,0.8794462606469624,0.9242157786527444,0.9724691055734919,0.9242157786527444,0.9724691055734919,1.0,1.0,1.0,1.0,1.0,1.0,1.0,1.0,1.0,1.0,1.0,1.0,1.0,1.0,1.0,1.0,1.0,1.0,1.0,1.0,1.0,1.0,1.0,1.0
Motorola_Edge_H372_01.jpg,train,H372,Motorola_Edge,4.5968,0.22984000000000002,0.049254742869277314,0.06545420935477674,0.049254742869277314,0.06545420935477674,0.049254742869277314,0.06545420935477674,0.049254742869277314,0.06545420935477674,0.049254742869277314,0.06545420935477674,0.049254742869277314,0.06545420935477674,0.049254742869277314,0.06545420935477674,0.049254742869277314,0.06545420935477674,0.049254742869277314,0.06545420935477674,0.049254742869277314,0.06545420935477674,0.1164669717387769,0.15756451570196942,0.1164669717387769,0.15756451570196942,0.17021908351583884,0.2271364829424294,0.17021908351583884,0.2271364829424294,0.23054177279875543,0.2998934258230591,0.29418603188505765,0.3742889319713825,0.3470939556483224,0.43331919077163356,0.4131349402386103,0.5025861279297413,0.5310462962174353,0.6149381984483023,0.5310462962174353,0.6149381984483023,0.6217656030794133,0.7005343214353679,0.6898273766980743,0.7575733893553157,0.8321185745030771,0.8647338129469345,0.8321185745030771,0.8647338129469345,0.9676478392170563,0.9391324576532769,0.9704593375280448,0.9519065303794552,0.9909145829447676,0.9653369157043012,0.9965034697665582,0.9707274009009247,1.0,1.0,1.0,1.0,1.0,1.0,1.0,1.0,1.0,1.0,1.0,1.0,1.0,1.0,1.0,1.0
Motorola_Edge_H372_02.jpg,train,H372,Motorola_Edge,4.5968,0.22984000000000002,0.06844288329611009,0.12463323378838112,0.06844288329611009,0.12463323378838112,0.06844288329611009,0.12463323378838112,0.06844288329611009,0.12463323378838112,0.06844288329611009,0.12463323378838112,0.06844288329611009,0.12463323378838112,0.06844288329611009,0.12463323378838112,0.06844288329611009,0.12463323378838112,0.06844288329611009,0.12463323378838112,0.06844288329611009,0.12463323378838112,0.16670227705404692,0.29703901363715357,0.16670227705404692,0.29703901363715357,0.2490040408039488,0.4188150525391697,0.2490040408039488,0.4188150525391697,0.3399721458765978,0.5375200628658795,0.4271405797472492,0.6419474707399024,0.4978135582543588,0.71656535240973,0.5814816396591479,0.797579415391715,0.7103693485775754,0.9116767715253129,0.7103693485775754,0.9116767715253129,0.756372998548103,0.9116767715253129,0.8251885407823175,0.9300380624644359,0.960602326182619,1.0,0.960602326182619,1.0,1.0,1.0,1.0,1.0,1.0,1.0,1.0,1.0,1.0,1.0,1.0,1.0,1.0,1.0,1.0,1.0,1.0,1.0,1.0,1.0,1.0,1.0,1.0,1.0
Motorola_Edge_H372_03.jpg,train,H372,Motorola_Edge,4.5968,0.22984000000000002,0.08597783990955214,0.13434101244710392,0.08597783990955214,0.13434101244710392,0.08597783990955214,0.13434101244710392,0.08597783990955214,0.13434101244710392,0.08597783990955214,0.13434101244710392,0.08597783990955214,0.13434101244710392,0.08597783990955214,0.13434101244710392,0.08597783990955214,0.13434101244710392,0.08597783990955214,0.13434101244710392,0.08597783990955214,0.13434101244710392,0.1922416504644134,0.2943783150676611,0.1922416504644134,0.2943783150676611,0.2741308848959895,0.403282035198085,0.2741308848959895,0.403282035198085,0.36084598235739845,0.5121069096380783,0.448345532974629,0.6090288932414489,0.5206812969292288,0.680007075114618,0.607151382089281,0.7600122486412627,0.7380370489643959,0.8705666626188477,0.7380370489643959,0.8705666626188477,0.7380370489643959,0.8705666626188477,0.7968046698636418,0.8705666626188477,0.9336941328130549,0.9421905707489988,0.9336941328130549,0.9421905707489988,1.0,0.9421905707489988,1.0,0.9421905707489988,1.0,0.9480112934771671,1.0,0.960758048425985,1.0,1.0,1.0,1.0,1.0,1.0,1.0,1.0,1.0,1.0,1.0,1.0,1.0,1.0,1.0,1.0
Motorola_Edge_H372_04.jpg,train,H372,Motorola_Edge,4.5968,0.22984000000000002,0.09722194191484447,0.15026690112666052,0.09722194191484447,0.15026690112666052,0.09722194191484447,0.15026690112666052,0.09722194191484447,0.15026690112666052,0.09722194191484447,0.15026690112666052,0.09722194191484447,0.15026690112666052,0.09722194191484447,0.15026690112666052,0.09722194191484447,0.15026690112666052,0.09722194191484447,0.15026690112666052,0.09722194191484447,0.15026690112666052,0.21735091874541712,0.3252888775968727,0.21735091874541712,0.3252888775968727,0.3075239113898683,0.4410595845639446,0.3075239113898683,0.4410595845639446,0.40160582228625724,0.5521699502672709,0.4936569434398026,0.6552655886851763,0.5651186815835096,0.7307949437784065,0.6504864384248922,0.8110395517195218,0.7922093457955847,0.9299246988155714,0.7922093457955847,0.9299246988155714,0.7922093457955847,0.9299246988155714,0.8343293572227845,0.9299246988155714,0.9669827968237419,1.0,0.9669827968237419,1.0,1.0,1.0,1.0,1.0,1.0,1.0,1.0,1.0,1.0,1.0,1.0,1.0,1.0,1.0,1.0,1.0,1.0,1.0,1.0,1.0,1.0,1.0,1.0,1.0
Motorola_Edge_H405_01.jpg,train,H405,Motorola_Edge,4.5968,0.22984000000000002,0.16201294452369075,0.2593041047141939,0.16201294452369075,0.2593041047141939,0.16201294452369075,0.2593041047141939,0.16201294452369075,0.2593041047141939,0.16201294452369075,0.2593041047141939,0.16201294452369075,0.2593041047141939,0.16201294452369075,0.2593041047141939,0.16201294452369075,0.2593041047141939,0.16201294452369075,0.2593041047141939,0.16201294452369075,0.2593041047141939,0.3685105622463446,0.5408228690895458,0.3685105622463446,0.5408228690895458,0.5111326310183947,0.6830186736407543,0.5111326310183947,0.6830186736407543,0.6399283222549488,0.7842578848722026,0.7503624775539902,0.8578740894103681,0.8224619042619487,0.9015791567868399,0.9024251346274625,0.9466810163969973,1.0,1.0,1.0,1.0,1.0,1.0,1.0,1.0,1.0,1.0,1.0,1.0,1.0,1.0,1.0,1.0,1.0,1.0,1.0,1.0,1.0,1.0,1.0,1.0,1.0,1.0,1.0,1.0,1.0,1.0,1.0,1.0,1.0,1.0,1.0,1.0
Motorola_Edge_H405_02.jpg,train,H405,Motorola_Edge,4.5968,0.22984000000000002,0.17230304825912007,0.26440227763179996,0.17230304825912007,0.26440227763179996,0.17230304825912007,0.26440227763179996,0.17230304825912007,0.26440227763179996,0.17230304825912007,0.26440227763179996,0.17230304825912007,0.26440227763179996,0.17230304825912007,0.26440227763179996,0.17230304825912007,0.26440227763179996,0.17230304825912007,0.26440227763179996,0.17230304825912007,0.26440227763179996,0.3770180753200977,0.5359797599833639,0.3770180753200977,0.5359797599833639,0.5166969059425413,0.6806115525493582,0.5166969059425413,0.6806115525493582,0.646503622915637,0.7827235871308301,0.7589629965097165,0.8582298514921874,0.8341311392728805,0.9030317695201563,0.9091575165361084,0.9470813711326663,1.0,1.0,1.0,1.0,1.0,1.0,1.0,1.0,1.0,1.0,1.0,1.0,1.0,1.0,1.0,1.0,1.0,1.0,1.0,1.0,1.0,1.0,1.0,1.0,1.0,1.0,1.0,1.0,1.0,1.0,1.0,1.0,1.0,1.0,1.0,1.0
Motorola_Edge_H405_03.jpg,train,H405,Motorola_Edge,4.5968,0.22984000000000002,0.1390650479380591,0.22819613720500823,0.1390650479380591,0.22819613720500823,0.1390650479380591,0.22819613720500823,0.1390650479380591,0.22819613720500823,0.1390650479380591,0.22819613720500823,0.1390650479380591,0.22819613720500823,0.1390650479380591,0.22819613720500823,0.1390650479380591,0.22819613720500823,0.1390650479380591,0.22819613720500823,0.1390650479380591,0.22819613720500823,0.3208852447396668,0.4875304794404994,0.3208852447396668,0.4875304794404994,0.4592913986385318,0.633857986050667,0.4592913986385318,0.633857986050667,0.5926749366371774,0.7447460673463171,0.7170378422836875,0.8301808177207708,0.8016064747838134,0.8824762406873446,0.890438441422452,0.9348705269159624,1.0,1.0,1.0,1.0,1.0,1.0,1.0,1.0,1.0,1.0,1.0,1.0,1.0,1.0,1.0,1.0,1.0,1.0,1.0,1.0,1.0,1.0,1.0,1.0,1.0,1.0,1.0,1.0,1.0,1.0,1.0,1.0,1.0,1.0,1.0,1.0
Motorola_Edge_H493_01.jpg,train,H493,Motorola_Edge,4.5968,0.22984000000000002,0.18301694177586011,0.2553996759916638,0.18301694177586011,0.2553996759916638,0.18301694177586011,0.2553996759916638,0.18301694177586011,0.2553996759916638,0.18301694177586011,0.2553996759916638,0.18301694177586011,0.2553996759916638,0.18301694177586011,0.2553996759916638,0.18301694177586011,0.2553996759916638,0.18301694177586011,0.2553996759916638,0.18301694177586011,0.2553996759916638,0.44527325346102564,0.5334960832176903,0.44527325346102564,0.5334960832176903,0.6101218647796611,0.6793550094123043,0.6101218647796611,0.6793550094123043,0.7276703169178358,0.7813524418680731,0.8169729665337738,0.8563405014437097,0.8717110422274599,0.9006468169583793,0.9273121572058378,0.944676176042973,1.0,1.0,1.0,1.0,1.0,1.0,1.0,1.0,1.0,1.0,1.0,1.0,1.0,1.0,1.0,1.0,1.0,1.0,1.0,1.0,1.0,1.0,1.0,1.0,1.0,1.0,1.0,1.0,1.0,1.0,1.0,1.0,1.0,1.0,1.0,1.0
Motorola_Edge_H493_02.jpg,train,H493,Motorola_Edge,4.5968,0.22984000000000002,0.15237740976058795,0.21111316921083706,0.15237740976058795,0.21111316921083706,0.15237740976058795,0.21111316921083706,0.15237740976058795,0.21111316921083706,0.15237740976058795,0.21111316921083706,0.15237740976058795,0.21111316921083706,0.15237740976058795,0.21111316921083706,0.15237740976058795,0.21111316921083706,0.15237740976058795,0.21111316921083706,0.15237740976058795,0.21111316921083706,0.39364984674873155,0.4726897779765416,0.39364984674873155,0.4726897779765416,0.5617844699857636,0.6212571438277263,0.5617844699857636,0.6212571438277263,0.6882584203081792,0.736557120276544,0.7878857825200998,0.8214950494496867,0.8498014995138367,0.8756267392605754,0.9165228945106251,0.9303221106615928,1.0,1.0,1.0,1.0,1.0,1.0,1.0,1.0,1.0,1.0,1.0,1.0,1.0,1.0,1.0,1.0,1.0,1.0,1.0,1.0,1.0,1.0,1.0,1.0,1.0,1.0,1.0,1.0,1.0,1.0,1.0,1.0,1.0,1.0,1.0,1.0
Motorola_Edge_H493_03.jpg,train,H493,Motorola_Edge,4.5968,0.22984000000000002,0.17541981168659218,0.24353777320914446,0.17541981168659218,0.24353777320914446,0.17541981168659218,0.24353777320914446,0.17541981168659218,0.24353777320914446,0.17541981168659218,0.24353777320914446,0.17541981168659218,0.24353777320914446,0.17541981168659218,0.24353777320914446,0.17541981168659218,0.24353777320914446,0.17541981168659218,0.24353777320914446,0.17541981168659218,0.24353777320914446,0.440462871788417,0.5188321969793488,0.440462871788417,0.5188321969793488,0.6064979177775104,0.6692509300940106,0.6064979177775104,0.6692509300940106,0.7250364245278162,0.7749966178857587,0.8147193969322082,0.8504353379371841,0.8706932568798229,0.8966219372023111,0.9263120579756952,0.9434306323771564,1.0,1.0,1.0,1.0,1.0,1.0,1.0,1.0,1.0,1.0,1.0,1.0,1.0,1.0,1.0,1.0,1.0,1.0,1.0,1.0,1.0,1.0,1.0,1.0,1.0,1.0,1.0,1.0,1.0,1.0,1.0,1.0,1.0,1.0,1.0,1.0
Motorola_Edge_H516_01.jpg,train,H516,Motorola_Edge,4.5968,0.22984000000000002,0.11761518248536255,0.1818708623875222,0.11761518248536255,0.1818708623875222,0.11761518248536255,0.1818708623875222,0.11761518248536255,0.1818708623875222,0.11761518248536255,0.1818708623875222,0.11761518248536255,0.1818708623875222,0.11761518248536255,0.1818708623875222,0.11761518248536255,0.1818708623875222,0.11761518248536255,0.1818708623875222,0.11761518248536255,0.1818708623875222,0.2816794220142753,0.4171385223141234,0.2816794220142753,0.4171385223141234,0.4075309328371214,0.5648400193266616,0.4075309328371214,0.5648400193266616,0.5410404800881473,0.6888901419036506,0.6648863855603664,0.7864616104967123,0.7529359831870204,0.8506040313128601,0.8527485368234956,0.9175576067502431,0.9844864740891753,1.0,0.9844864740891753,1.0,0.9844864740891753,1.0,0.9844864740891753,1.0,1.0,1.0,1.0,1.0,1.0,1.0,1.0,1.0,1.0,1.0,1.0,1.0,1.0,1.0,1.0,1.0,1.0,1.0,1.0,1.0,1.0,1.0,1.0,1.0,1.0,1.0,1.0,1.0
Motorola_Edge_H516_02.jpg,train,H516,Motorola_Edge,4.5968,0.22984000000000002,0.13127841161759846,0.18411510833178402,0.13127841161759846,0.18411510833178402,0.13127841161759846,0.18411510833178402,0.13127841161759846,0.18411510833178402,0.13127841161759846,0.18411510833178402,0.13127841161759846,0.18411510833178402,0.13127841161759846,0.18411510833178402,0.13127841161759846,0.18411510833178402,0.13127841161759846,0.18411510833178402,0.13127841161759846,0.18411510833178402,0.29546952908907786,0.40736972252062864,0.29546952908907786,0.40736972252062864,0.41679453931919264,0.5514852944124706,0.41679453931919264,0.5514852944124706,0.5467527682062283,0.6778770809279748,0.6702510837071358,0.7790084257801982,0.7618899892059657,0.8443548469981733,0.8591733664221786,0.9130841577705342,1.0,1.0,1.0,1.0,1.0,1.0,1.0,1.0,1.0,1.0,1.0,1.0,1.0,1.0,1.0,1.0,1.0,1.0,1.0,1.0,1.0,1.0,1.0,1.0,1.0,1.0,1.0,1.0,1.0,1.0,1.0,1.0,1.0,1.0,1.0,1.0
Motorola_Edge_H516_03.jpg,train,H516,Motorola_Edge,4.5968,0.22984000000000002,0.10918444642220718,0.1629733988669049,0.10918444642220718,0.1629733988669049,0.10918444642220718,0.1629733988669049,0.10918444642220718,0.1629733988669049,0.10918444642220718,0.1629733988669049,0.10918444642220718,0.1629733988669049,0.10918444642220718,0.1629733988669049,0.10918444642220718,0.1629733988669049,0.10918444642220718,0.1629733988669049,0.10918444642220718,0.1629733988669049,0.25501958860899904,0.37559716589832265,0.25501958860899904,0.37559716589832265,0.3703130290808291,0.5195120615978008,0.3703130290808291,0.5195120615978008,0.4977834529177482,0.651752246892459,0.6189554158442365,0.7589869895370303,0.7121754529810589,0.8334177231408626,0.8188219060950227,0.9065373646739775,0.9719262968095904,1.0,0.9719262968095904,1.0,0.9719262968095904,1.0,0.9719262968095904,1.0,1.0,1.0,1.0,1.0,1.0,1.0,1.0,1.0,1.0,1.0,1.0,1.0,1.0,1.0,1.0,1.0,1.0,1.0,1.0,1.0,1.0,1.0,1.0,1.0,1.0,1.0,1.0,1.0
Motorola_Edge_H549_01.jpg,train,H549,Motorola_Edge,4.5968,0.22984000000000002,0.18356178544449872,0.25952086624752846,0.18356178544449872,0.25952086624752846,0.18356178544449872,0.25952086624752846,0.18356178544449872,0.25952086624752846,0.18356178544449872,0.25952086624752846,0.18356178544449872,0.25952086624752846,0.18356178544449872,0.25952086624752846,0.18356178544449872,0.25952086624752846,0.18356178544449872,0.25952086624752846,0.18356178544449872,0.25952086624752846,0.40485567547362283,0.5372514468187479,0.40485567547362283,0.5372514468187479,0.5490064813968635,0.6808231027872051,0.5490064813968635,0.6808231027872051,0.6744092029097791,0.7843277917101311,0.7764605522418901,0.8596735403144997,0.8444580884100378,0.9027090346155484,0.912007580502238,0.9460864051756642,1.0,1.0,1.0,1.0,1.0,1.0,1.0,1.0,1.0,1.0,1.0,1.0,1.0,1.0,1.0,1.0,1.0,1.0,1.0,1.0,1.0,1.0,1.0,1.0,1.0,1.0,1.0,1.0,1.0,1.0,1.0,1.0,1.0,1.0,1.0,1.0
Motorola_Edge_H549_02.jpg,train,H549,Motorola_Edge,4.5968,0.22984000000000002,0.18678043414079118,0.2634818863713443,0.18678043414079118,0.2634818863713443,0.18678043414079118,0.2634818863713443,0.18678043414079118,0.2634818863713443,0.18678043414079118,0.2634818863713443,0.18678043414079118,0.2634818863713443,0.18678043414079118,0.2634818863713443,0.18678043414079118,0.2634818863713443,0.18678043414079118,0.2634818863713443,0.18678043414079118,0.2634818863713443,0.4084012630482167,0.5367938548833561,0.4084012630482167,0.5367938548833561,0.5507586743728796,0.6762786426131931,0.5507586743728796,0.6762786426131931,0.6755713838292031,0.7764416880881246,0.7801243947292662,0.8523651735062252,0.8475732126154364,0.8975923128994531,0.9162711786739192,0.9425620264777084,1.0,1.0,1.0,1.0,1.0,1.0,1.0,1.0,1.0,1.0,1.0,1.0,1.0,1.0,1.0,1.0,1.0,1.0,1.0,1.0,1.0,1.0,1.0,1.0,1.0,1.0,1.0,1.0,1.0,1.0,1.0,1.0,1.0,1.0,1.0,1.0
Motorola_Edge_H549_03.jpg,train,H549,Motorola_Edge,4.5968,0.22984000000000002,0.179457481530268,0.24591307161663623,0.179457481530268,0.24591307161663623,0.179457481530268,0.24591307161663623,0.179457481530268,0.24591307161663623,0.179457481530268,0.24591307161663623,0.179457481530268,0.24591307161663623,0.179457481530268,0.24591307161663623,0.179457481530268,0.24591307161663623,0.179457481530268,0.24591307161663623,0.179457481530268,0.24591307161663623,0.3952705133804244,0.5143009761494204,0.3952705133804244,0.5143009761494204,0.5396378570368587,0.6606779791052501,0.5396378570368587,0.6606779791052501,0.6676199041436204,0.7684509655774244,0.773891043501457,0.8480592795311753,0.8449656685064327,0.8975096334174442,0.9165912783300523,0.9445130909328326,1.0,1.0,1.0,1.0,1.0,1.0,1.0,1.0,1.0,1.0,1.0,1.0,1.0,1.0,1.0,1.0,1.0,1.0,1.0,1.0,1.0,1.0,1.0,1.0,1.0,1.0,1.0,1.0,1.0,1.0,1.0,1.0,1.0,1.0,1.0,1.0
Motorola_Edge_H615_01.jpg,train,H615,Motorola_Edge,4.5968,0.22984000000000002,0.05429008706260486,0.10410100003726562,0.05429008706260486,0.10410100003726562,0.05429008706260486,0.10410100003726562,0.05429008706260486,0.10410100003726562,0.05429008706260486,0.10410100003726562,0.05429008706260486,0.10410100003726562,0.05429008706260486,0.10410100003726562,0.05429008706260486,0.10410100003726562,0.05429008706260486,0.10410100003726562,0.05429008706260486,0.10410100003726562,0.12153299479259337,0.24361250252816505,0.12153299479259337,0.24361250252816505,0.17988448221510908,0.3487059653590911,0.17988448221510908,0.3487059653590911,0.2510497491741831,0.46174317438494733,0.32855176358769267,0.5698658069086393,0.39571089707479395,0.6542748016746862,0.47820577324813945,0.7467012539067999,0.6197695252267402,0.8718622546569744,0.6197695252267402,0.8718622546569744,0.7409654695997122,0.878783052796783,0.8232650918741747,0.9206039512452038,0.964433522239482,0.991554342747996,0.964433522239482,0.991554342747996,1.0,1.0,1.0,1.0,1.0,1.0,1.0,1.0,1.0,1.0,1.0,1.0,1.0,1.0,1.0,1.0,1.0,1.0,1.0,1.0,1.0,1.0,1.0,1.0
Motorola_Edge_H615_02.jpg,train,H615,Motorola_Edge,4.5968,0.22984000000000002,0.031857952423382005,0.05968988223829459,0.031857952423382005,0.05968988223829459,0.031857952423382005,0.05968988223829459,0.031857952423382005,0.05968988223829459,0.031857952423382005,0.05968988223829459,0.031857952423382005,0.05968988223829459,0.031857952423382005,0.05968988223829459,0.031857952423382005,0.05968988223829459,0.031857952423382005,0.05968988223829459,0.031857952423382005,0.05968988223829459,0.07949275348969746,0.16157946372672793,0.07949275348969746,0.16157946372672793,0.12468444070715669,0.24489901120640337,0.12468444070715669,0.24489901120640337,0.18215851926748056,0.34006877575046834,0.24466235742785464,0.4333386021683575,0.30365654511377815,0.5083659375199704,0.37803504963960866,0.5921620408558694,0.5079110094645785,0.7159657983662583,0.5079110094645785,0.7159657983662583,0.6797593599667988,0.7934691407564752,0.7642229428045197,0.8395017170117337,0.9173636512246739,0.9182244073533432,0.9173636512246739,0.9182244073533432,1.0,0.9660065002630558,1.0,0.9664513291333177,1.0,0.9731352810613929,1.0,0.974474275057714,1.0,1.0,1.0,1.0,1.0,1.0,1.0,1.0,1.0,1.0,1.0,1.0,1.0,1.0,1.0,1.0
Motorola_Edge_H616_01.jpg,train,H616,Motorola_Edge,4.5968,0.22984000000000002,0.15949103539536083,0.24156745883610595,0.15949103539536083,0.24156745883610595,0.15949103539536083,0.24156745883610595,0.15949103539536083,0.24156745883610595,0.15949103539536083,0.24156745883610595,0.15949103539536083,0.24156745883610595,0.15949103539536083,0.24156745883610595,0.15949103539536083,0.24156745883610595,0.15949103539536083,0.24156745883610595,0.15949103539536083,0.24156745883610595,0.36456451488729263,0.5175951331489885,0.36456451488729263,0.5175951331489885,0.5095929008270758,0.6675944314278571,0.5095929008270758,0.6675944314278571,0.6455812972030697,0.7771984121063668,0.7602892708329501,0.8550788035433166,0.8389274212946733,0.9003349411504236,0.9157694092285921,0.9466113038677667,1.0,1.0,1.0,1.0,1.0,1.0,1.0,1.0,1.0,1.0,1.0,1.0,1.0,1.0,1.0,1.0,1.0,1.0,1.0,1.0,1.0,1.0,1.0,1.0,1.0,1.0,1.0,1.0,1.0,1.0,1.0,1.0,1.0,1.0,1.0,1.0
Motorola_Edge_H616_02.jpg,train,H616,Motorola_Edge,4.5968,0.22984000000000002,0.17390212110687367,0.26466416629227363,0.17390212110687367,0.26466416629227363,0.17390212110687367,0.26466416629227363,0.17390212110687367,0.26466416629227363,0.17390212110687367,0.26466416629227363,0.17390212110687367,0.26466416629227363,0.17390212110687367,0.26466416629227363,0.17390212110687367,0.26466416629227363,0.17390212110687367,0.26466416629227363,0.17390212110687367,0.26466416629227363,0.3931645218927959,0.5487670464258521,0.3931645218927959,0.5487670464258521,0.540774739391121,0.6943278258986488,0.540774739391121,0.6943278258986488,0.6730544338135649,0.7948688293732153,0.783387261029836,0.8682678613439723,0.8530360566795007,0.9118366666184323,0.9204216889265867,0.9515183554258471,1.0,1.0,1.0,1.0,1.0,1.0,1.0,1.0,1.0,1.0,1.0,1.0,1.0,1.0,1.0,1.0,1.0,1.0,1.0,1.0,1.0,1.0,1.0,1.0,1.0,1.0,1.0,1.0,1.0,1.0,1.0,1.0,1.0,1.0,1.0,1.0
Motorola_Edge_H616_03.jpg,train,H616,Motorola_Edge,4.5968,0.22984000000000002,0.13468368640349665,0.21351792405711081,0.13468368640349665,0.21351792405711081,0.13468368640349665,0.21351792405711081,0.13468368640349665,0.21351792405711081,0.13468368640349665,0.21351792405711081,0.13468368640349665,0.21351792405711081,0.13468368640349665,0.21351792405711081,0.13468368640349665,0.21351792405711081,0.13468368640349665,0.21351792405711081,0.13468368640349665,0.21351792405711081,0.32345557920444384,0.48612779105967985,0.32345557920444384,0.48612779105967985,0.464397560612109,0.6430521714679649,0.464397560612109,0.6430521714679649,0.6036392554373953,0.7618896374447943,0.7275408618562744,0.8467569422327595,0.8144365983392535,0.8963704217410646,0.8987437562538916,0.9433252977626078,1.0,1.0,1.0,1.0,1.0,1.0,1.0,1.0,1.0,1.0,1.0,1.0,1.0,1.0,1.0,1.0,1.0,1.0,1.0,1.0,1.0,1.0,1.0,1.0,1.0,1.0,1.0,1.0,1.0,1.0,1.0,1.0,1.0,1.0,1.0,1.0
Motorola_Edge_H617_01.jpg,train,H617,Motorola_Edge,4.5968,0.22984000000000002,0.12631131521331102,0.17654001538503547,0.12631131521331102,0.17654001538503547,0.12631131521331102,0.17654001538503547,0.12631131521331102,0.17654001538503547,0.12631131521331102,0.17654001538503547,0.12631131521331102,0.17654001538503547,0.12631131521331102,0.17654001538503547,0.12631131521331102,0.17654001538503547,0.12631131521331102,0.17654001538503547,0.12631131521331102,0.17654001538503547,0.30777641781391224,0.42091182411897027,0.30777641781391224,0.42091182411897027,0.4445371477495301,0.5763133486805186,0.4445371477495301,0.5763133486805186,0.5803027138707327,0.7016732785161718,0.7032071388603476,0.799376349948326,0.7889954458750541,0.8594032159158841,0.8800082125216221,0.920676182648598,1.0,1.0,1.0,1.0,1.0,1.0,1.0,1.0,1.0,1.0,1.0,1.0,1.0,1.0,1.0,1.0,1.0,1.0,1.0,1.0,1.0,1.0,1.0,1.0,1.0,1.0,1.0,1.0,1.0,1.0,1.0,1.0,1.0,1.0,1.0,1.0
Motorola_Edge_H617_02.jpg,train,H617,Motorola_Edge,4.5968,0.22984000000000002,0.17166397627379168,0.2541902270072602,0.17166397627379168,0.2541902270072602,0.17166397627379168,0.2541902270072602,0.17166397627379168,0.2541902270072602,0.17166397627379168,0.2541902270072602,0.17166397627379168,0.2541902270072602,0.17166397627379168,0.2541902270072602,0.17166397627379168,0.2541902270072602,0.17166397627379168,0.2541902270072602,0.17166397627379168,0.2541902270072602,0.38543216522424667,0.5271006343122169,0.38543216522424667,0.5271006343122169,0.5313676807327831,0.6695053354634184,0.5313676807327831,0.6695053354634184,0.659707895920666,0.7740946168227034,0.7659041709116674,0.8509940825844075,0.8362438108489699,0.897179609779901,0.9100999839206082,0.9430597179263585,1.0,1.0,1.0,1.0,1.0,1.0,1.0,1.0,1.0,1.0,1.0,1.0,1.0,1.0,1.0,1.0,1.0,1.0,1.0,1.0,1.0,1.0,1.0,1.0,1.0,1.0,1.0,1.0,1.0,1.0,1.0,1.0,1.0,1.0,1.0,1.0
Motorola_Edge_H617_03.jpg,train,H617,Motorola_Edge,4.5968,0.22984000000000002,0.19822578488077125,0.28123628140759593,0.19822578488077125,0.28123628140759593,0.19822578488077125,0.28123628140759593,0.19822578488077125,0.28123628140759593,0.19822578488077125,0.28123628140759593,0.19822578488077125,0.28123628140759593,0.19822578488077125,0.28123628140759593,0.19822578488077125,0.28123628140759593,0.19822578488077125,0.28123628140759593,0.19822578488077125,0.28123628140759593,0.4247007823414108,0.5557425752037027,0.4247007823414108,0.5557425752037027,0.5688776425545646,0.6921409050721457,0.5688776425545646,0.6921409050721457,0.69208031978959,0.7870673682605174,0.7944752556072838,0.8581261288211891,0.859327502643895,0.9027161611692459,0.9225358688925037,0.9459340845031616,1.0,1.0,1.0,1.0,1.0,1.0,1.0,1.0,1.0,1.0,1.0,1.0,1.0,1.0,1.0,1.0,1.0,1.0,1.0,1.0,1.0,1.0,1.0,1.0,1.0,1.0,1.0,1.0,1.0,1.0,1.0,1.0,1.0,1.0,1.0,1.0
Motorola_Edge_H666_01.jpg,train,H666,Motorola_Edge,4.5968,0.22984000000000002,0.2220032762755342,0.2682817839779182,0.2220032762755342,0.2682817839779182,0.2220032762755342,0.2682817839779182,0.2220032762755342,0.2682817839779182,0.2220032762755342,0.2682817839779182,0.2220032762755342,0.2682817839779182,0.2220032762755342,0.2682817839779182,0.2220032762755342,0.2682817839779182,0.2220032762755342,0.2682817839779182,0.2220032762755342,0.2682817839779182,0.4462037598722174,0.5170034550831157,0.4462037598722174,0.5170034550831157,0.5808250180702113,0.6501972827022781,0.5808250180702113,0.6501972827022781,0.69100937276262,0.7503129136526534,0.7858489503280497,0.8320255833048459,0.8492035884603797,0.8839272113018919,0.9138425766725587,0.9357028352508369,1.0,1.0,1.0,1.0,1.0,1.0,1.0,1.0,1.0,1.0,1.0,1.0,1.0,1.0,1.0,1.0,1.0,1.0,1.0,1.0,1.0,1.0,1.0,1.0,1.0,1.0,1.0,1.0,1.0,1.0,1.0,1.0,1.0,1.0,1.0,1.0
Motorola_Edge_H666_02.jpg,train,H666,Motorola_Edge,4.5968,0.22984000000000002,0.214145698473876,0.2625914132296637,0.214145698473876,0.2625914132296637,0.214145698473876,0.2625914132296637,0.214145698473876,0.2625914132296637,0.214145698473876,0.2625914132296637,0.214145698473876,0.2625914132296637,0.214145698473876,0.2625914132296637,0.214145698473876,0.2625914132296637,0.214145698473876,0.2625914132296637,0.214145698473876,0.2625914132296637,0.43353480322770127,0.5102105088201387,0.43353480322770127,0.5102105088201387,0.565293552346306,0.639832610652328,0.565293552346306,0.639832610652328,0.6780117875183272,0.7396786093311652,0.7755675364184023,0.8215832183268847,0.8389371727456133,0.8752338143107845,0.908677910273104,0.9299483570725711,1.0,1.0,1.0,1.0,1.0,1.0,1.0,1.0,1.0,1.0,1.0,1.0,1.0,1.0,1.0,1.0,1.0,1.0,1.0,1.0,1.0,1.0,1.0,1.0,1.0,1.0,1.0,1.0,1.0,1.0,1.0,1.0,1.0,1.0,1.0,1.0
Motorola_Edge_H666_03.jpg,train,H666,Motorola_Edge,4.5968,0.22984000000000002,0.22042720830421644,0.26864229205547285,0.22042720830421644,0.26864229205547285,0.22042720830421644,0.26864229205547285,0.22042720830421644,0.26864229205547285,0.22042720830421644,0.26864229205547285,0.22042720830421644,0.26864229205547285,0.22042720830421644,0.26864229205547285,0.22042720830421644,0.26864229205547285,0.22042720830421644,0.26864229205547285,0.22042720830421644,0.26864229205547285,0.45264286530090164,0.5213424543351554,0.45264286530090164,0.5213424543351554,0.5899552100403908,0.6539276877321547,0.5899552100403908,0.6539276877321547,0.7029029285763975,0.7532642462872231,0.7986027659508154,0.8321370744524099,0.8590079749059474,0.8834899494533561,0.9196004057628575,0.933914967721199,1.0,1.0,1.0,1.0,1.0,1.0,1.0,1.0,1.0,1.0,1.0,1.0,1.0,1.0,1.0,1.0,1.0,1.0,1.0,1.0,1.0,1.0,1.0,1.0,1.0,1.0,1.0,1.0,1.0,1.0,1.0,1.0,1.0,1.0,1.0,1.0
Motorola_Edge_H668_01.jpg,train,H668,Motorola_Edge,4.5968,0.22984000000000002,0.17946697063027334,0.25664856155351984,0.17946697063027334,0.25664856155351984,0.17946697063027334,0.25664856155351984,0.17946697063027334,0.25664856155351984,0.17946697063027334,0.25664856155351984,0.17946697063027334,0.25664856155351984,0.17946697063027334,0.25664856155351984,0.17946697063027334,0.25664856155351984,0.17946697063027334,0.25664856155351984,0.17946697063027334,0.25664856155351984,0.40403316848303034,0.5399160419100971,0.40403316848303034,0.5399160419100971,0.5491947360275415,0.6858876482025706,0.5491947360275415,0.6858876482025706,0.6766059817961799,0.7893600252726141,0.7860188636711632,0.8645911595256692,0.8559946301699181,0.9074889903319591,0.9232278162199629,0.9483649944019453,1.0,1.0,1.0,1.0,1.0,1.0,1.0,1.0,1.0,1.0,1.0,1.0,1.0,1.0,1.0,1.0,1.0,1.0,1.0,1.0,1.0,1.0,1.0,1.0,1.0,1.0,1.0,1.0,1.0,1.0,1.0,1.0,1.0,1.0,1.0,1.0
Motorola_Edge_H668_02.jpg,train,H668,Motorola_Edge,4.5968,0.22984000000000002,0.1723289599572837,0.2610716809631152,0.1723289599572837,0.2610716809631152,0.1723289599572837,0.2610716809631152,0.1723289599572837,0.2610716809631152,0.1723289599572837,0.2610716809631152,0.1723289599572837,0.2610716809631152,0.1723289599572837,0.2610716809631152,0.1723289599572837,0.2610716809631152,0.1723289599572837,0.2610716809631152,0.1723289599572837,0.2610716809631152,0.39420005884594594,0.5512101020561945,0.39420005884594594,0.5512101020561945,0.5401460825381442,0.6950038968758575,0.5401460825381442,0.6950038968758575,0.6717412654299105,0.796402797450109,0.7814724226659704,0.8673755077822662,0.8495092764048198,0.9098100767254567,0.9205671297108821,0.9508990607899309,1.0,1.0,1.0,1.0,1.0,1.0,1.0,1.0,1.0,1.0,1.0,1.0,1.0,1.0,1.0,1.0,1.0,1.0,1.0,1.0,1.0,1.0,1.0,1.0,1.0,1.0,1.0,1.0,1.0,1.0,1.0,1.0,1.0,1.0,1.0,1.0
Motorola_Edge_H668_03.jpg,train,H668,Motorola_Edge,4.5968,0.22984000000000002,0.17806015826836755,0.27324944940955037,0.17806015826836755,0.27324944940955037,0.17806015826836755,0.27324944940955037,0.17806015826836755,0.27324944940955037,0.17806015826836755,0.27324944940955037,0.17806015826836755,0.27324944940955037,0.17806015826836755,0.27324944940955037,0.17806015826836755,0.27324944940955037,0.17806015826836755,0.27324944940955037,0.17806015826836755,0.27324944940955037,0.4013916562012852,0.561836520775109,0.4013916562012852,0.561836520775109,0.5500618031465223,0.7049723296452417,0.5500618031465223,0.7049723296452417,0.6808247302506737,0.8043887979169768,0.7840305551775659,0.8740764793174244,0.8514722678991774,0.9138857741159893,0.9190260401099197,0.9526841263931826,1.0,1.0,1.0,1.0,1.0,1.0,1.0,1.0,1.0,1.0,1.0,1.0,1.0,1.0,1.0,1.0,1.0,1.0,1.0,1.0,1.0,1.0,1.0,1.0,1.0,1.0,1.0,1.0,1.0,1.0,1.0,1.0,1.0,1.0,1.0,1.0
Samsung_A52_F827_01.jpg,train,F827,Samsung_A52,4.552516219723183,0.2276258109861592,0.17820384362149644,0.25096292781715884,0.17820384362149644,0.25096292781715884,0.17820384362149644,0.25096292781715884,0.17820384362149644,0.25096292781715884,0.17820384362149644,0.25096292781715884,0.17820384362149644,0.25096292781715884,0.17820384362149644,0.25096292781715884,0.17820384362149644,0.25096292781715884,0.17820384362149644,0.25096292781715884,0.17820384362149644,0.25096292781715884,0.37928649026240285,0.5083917668031153,0.37928649026240285,0.5083917668031153,0.5179359997720208,0.6491735689072258,0.5179359997720208,0.6491735689072258,0.638109758989736,0.7543842554765751,0.7434248384111742,0.836074402823341,0.8164416043332716,0.886557977401283,0.8923883033049949,0.9353545533810222,1.0,1.0,1.0,1.0,1.0,1.0,1.0,1.0,1.0,1.0,1.0,1.0,1.0,1.0,1.0,1.0,1.0,1.0,1.0,1.0,1.0,1.0,1.0,1.0,1.0,1.0,1.0,1.0,1.0,1.0,1.0,1.0,1.0,1.0,1.0,1.0
Samsung_A52_F827_02.jpg,train,F827,Samsung_A52,4.552516219723183,0.2276258109861592,0.1700802341439202,0.2467916255457946,0.1700802341439202,0.2467916255457946,0.1700802341439202,0.2467916255457946,0.1700802341439202,0.2467916255457946,0.1700802341439202,0.2467916255457946,0.1700802341439202,0.2467916255457946,0.1700802341439202,0.2467916255457946,0.1700802341439202,0.2467916255457946,0.1700802341439202,0.2467916255457946,0.1700802341439202,0.2467916255457946,0.3678084660091629,0.5047760162515014,0.3678084660091629,0.5047760162515014,0.5081893466813213,0.648602207949827,0.5081893466813213,0.648602207949827,0.6319997029269305,0.7533989837255921,0.737761685228755,0.8357147376951729,0.8116109676225518,0.8835509177048683,0.892090169759737,0.9345009698836781,1.0,1.0,1.0,1.0,1.0,1.0,1.0,1.0,1.0,1.0,1.0,1.0,1.0,1.0,1.0,1.0,1.0,1.0,1.0,1.0,1.0,1.0,1.0,1.0,1.0,1.0,1.0,1.0,1.0,1.0,1.0,1.0,1.0,1.0,1.0,1.0
Samsung_A52_F827_03.jpg,train,F827,Samsung_A52,4.552516219723183,0.2276258109861592,0.17370592104584084,0.24305250035548087,0.17370592104584084,0.24305250035548087,0.17370592104584084,0.24305250035548087,0.17370592104584084,0.24305250035548087,0.17370592104584084,0.24305250035548087,0.17370592104584084,0.24305250035548087,0.17370592104584084,0.24305250035548087,0.17370592104584084,0.24305250035548087,0.17370592104584084,0.24305250035548087,0.17370592104584084,0.24305250035548087,0.36866289345240955,0.4921954033847291,0.36866289345240955,0.4921954033847291,0.5041857302856645,0.6336079073348402,0.5041857302856645,0.6336079073348402,0.6228149788845865,0.7395267720009828,0.7313862777294341,0.8243096578279765,0.8065483373380152,0.8780340707503922,0.8888704844957412,0.9319354544255316,1.0,1.0,1.0,1.0,1.0,1.0,1.0,1.0,1.0,1.0,1.0,1.0,1.0,1.0,1.0,1.0,1.0,1.0,1.0,1.0,1.0,1.0,1.0,1.0,1.0,1.0,1.0,1.0,1.0,1.0,1.0,1.0,1.0,1.0,1.0,1.0
Samsung_A52_G190_01.jpg,train,G190,Samsung_A52,4.552516219723183,0.2276258109861592,0.18555478716986212,0.22359432202344742,0.18555478716986212,0.22359432202344742,0.18555478716986212,0.22359432202344742,0.18555478716986212,0.22359432202344742,0.18555478716986212,0.22359432202344742,0.18555478716986212,0.22359432202344742,0.18555478716986212,0.22359432202344742,0.18555478716986212,0.22359432202344742,0.18555478716986212,0.22359432202344742,0.18555478716986212,0.22359432202344742,0.40394552008328033,0.47754559914031874,0.40394552008328033,0.47754559914031874,0.5476167601520914,0.6290231576323275,0.5476167601520914,0.6290231576323275,0.6679433537937401,0.7400763911541602,0.7679911382243373,0.8266205608251709,0.8344071899321026,0.8796435431736684,0.9039307441617992,0.9327856978979576,1.0,1.0,1.0,1.0,1.0,1.0,1.0,1.0,1.0,1.0,1.0,1.0,1.0,1.0,1.0,1.0,1.0,1.0,1.0,1.0,1.0,1.0,1.0,1.0,1.0,1.0,1.0,1.0,1.0,1.0,1.0,1.0,1.0,1.0,1.0,1.0
Samsung_A52_G190_02.jpg,train,G190,Samsung_A52,4.552516219723183,0.2276258109861592,0.19189103473491237,0.22484665810713186,0.19189103473491237,0.22484665810713186,0.19189103473491237,0.22484665810713186,0.19189103473491237,0.22484665810713186,0.19189103473491237,0.22484665810713186,0.19189103473491237,0.22484665810713186,0.19189103473491237,0.22484665810713186,0.19189103473491237,0.22484665810713186,0.19189103473491237,0.22484665810713186,0.19189103473491237,0.22484665810713186,0.41031480795463354,0.47385291304202537,0.41031480795463354,0.47385291304202537,0.5518704684927774,0.6213293862868967,0.5518704684927774,0.6213293862868967,0.6658141038325086,0.7313595841057281,0.7657929599150476,0.8184415550916154,0.8328389337733675,0.872365049882141,0.9029095771620193,0.9276677262648916,1.0,1.0,1.0,1.0,1.0,1.0,1.0,1.0,1.0,1.0,1.0,1.0,1.0,1.0,1.0,1.0,1.0,1.0,1.0,1.0,1.0,1.0,1.0,1.0,1.0,1.0,1.0,1.0,1.0,1.0,1.0,1.0,1.0,1.0,1.0,1.0
Samsung_A52_G190_03.jpg,train,G190,Samsung_A52,4.552516219723183,0.2276258109861592,0.18421746582442966,0.21798181808694753,0.18421746582442966,0.21798181808694753,0.18421746582442966,0.21798181808694753,0.18421746582442966,0.21798181808694753,0.18421746582442966,0.21798181808694753,0.18421746582442966,0.21798181808694753,0.18421746582442966,0.21798181808694753,0.18421746582442966,0.21798181808694753,0.18421746582442966,0.21798181808694753,0.18421746582442966,0.21798181808694753,0.40256657787024114,0.47038422711025496,0.40256657787024114,0.47038422711025496,0.5449985074495863,0.6215833439404179,0.5449985074495863,0.6215833439404179,0.6622330889009954,0.7346722369615352,0.7640707765667076,0.8224358207555734,0.8332472971938532,0.8772346529707227,0.9038866338916349,0.9314253058304544,1.0,1.0,1.0,1.0,1.0,1.0,1.0,1.0,1.0,1.0,1.0,1.0,1.0,1.0,1.0,1.0,1.0,1.0,1.0,1.0,1.0,1.0,1.0,1.0,1.0,1.0,1.0,1.0,1.0,1.0,1.0,1.0,1.0,1.0,1.0,1.0
Samsung_A52_H030_01.jpg,train,H030,Samsung_A52,4.552516219723183,0.2276258109861592,0.16971517131643982,0.23958054570816023,0.16971517131643982,0.23958054570816023,0.16971517131643982,0.23958054570816023,0.16971517131643982,0.23958054570816023,0.16971517131643982,0.23958054570816023,0.16971517131643982,0.23958054570816023,0.16971517131643982,0.23958054570816023,0.16971517131643982,0.23958054570816023,0.16971517131643982,0.23958054570816023,0.16971517131643982,0.23958054570816023,0.3652930706397133,0.4898238722385822,0.3652930706397133,0.4898238722385822,0.5027074137296559,0.6342561763790048,0.5027074137296559,0.6342561763790048,0.6290114467139818,0.7424895138898349,0.7395763523304612,0.8281519935527659,0.8157761709083217,0.8800277713475722,0.8971012321421168,0.9315323820520178,1.0,1.0,1.0,1.0,1.0,1.0,1.0,1.0,1.0,1.0,1.0,1.0,1.0,1.0,1.0,1.0,1.0,1.0,1.0,1.0,1.0,1.0,1.0,1.0,1.0,1.0,1.0,1.0,1.0,1.0,1.0,1.0,1.0,1.0,1.0,1.0
Samsung_A52_H030_02.jpg,train,H030,Samsung_A52,4.552516219723183,0.2276258109861592,0.16645198319373342,0.22956273361883683,0.16645198319373342,0.22956273361883683,0.16645198319373342,0.22956273361883683,0.16645198319373342,0.22956273361883683,0.16645198319373342,0.22956273361883683,0.16645198319373342,0.22956273361883683,0.16645198319373342,0.22956273361883683,0.16645198319373342,0.22956273361883683,0.16645198319373342,0.22956273361883683,0.16645198319373342,0.22956273361883683,0.35968358498932074,0.4758263501344866,0.35968358498932074,0.4758263501344866,0.4971611216644493,0.6208730251307646,0.4971611216644493,0.6208730251307646,0.6230741752331233,0.7307374335204314,0.7350952434038355,0.8184620769326699,0.8113601331703824,0.872568150685008,0.8911827448511825,0.9294533887994515,1.0,1.0,1.0,1.0,1.0,1.0,1.0,1.0,1.0,1.0,1.0,1.0,1.0,1.0,1.0,1.0,1.0,1.0,1.0,1.0,1.0,1.0,1.0,1.0,1.0,1.0,1.0,1.0,1.0,1.0,1.0,1.0,1.0,1.0,1.0,1.0
Samsung_A52_H030_03.jpg,train,H030,Samsung_A52,4.552516219723183,0.2276258109861592,0.16953025552841122,0.23796175811598558,0.16953025552841122,0.23796175811598558,0.16953025552841122,0.23796175811598558,0.16953025552841122,0.23796175811598558,0.16953025552841122,0.23796175811598558,0.16953025552841122,0.23796175811598558,0.16953025552841122,0.23796175811598558,0.16953025552841122,0.23796175811598558,0.16953025552841122,0.23796175811598558,0.16953025552841122,0.23796175811598558,0.3603075993616577,0.48534377409415025,0.3603075993616577,0.48534377409415025,0.49561529630737505,0.62810269321213,0.49561529630737505,0.62810269321213,0.618998606506043,0.7357757014809917,0.7293221449792723,0.8198186913598015,0.8067086690238922,0.8738990945579453,0.8894835064888607,0.9278417563283655,1.0,1.0,1.0,1.0,1.0,1.0,1.0,1.0,1.0,1.0,1.0,1.0,1.0,1.0,1.0,1.0,1.0,1.0,1.0,1.0,1.0,1.0,1.0,1.0,1.0,1.0,1.0,1.0,1.0,1.0,1.0,1.0,1.0,1.0,1.0,1.0
Samsung_A52_H037_01.jpg,train,H037,Samsung_A52,4.552516219723183,0.2276258109861592,0.15653797884716822,0.22489598138646255,0.15653797884716822,0.22489598138646255,0.15653797884716822,0.22489598138646255,0.15653797884716822,0.22489598138646255,0.15653797884716822,0.22489598138646255,0.15653797884716822,0.22489598138646255,0.15653797884716822,0.22489598138646255,0.15653797884716822,0.22489598138646255,0.15653797884716822,0.22489598138646255,0.15653797884716822,0.22489598138646255,0.33531451895755027,0.46207395987087574,0.33531451895755027,0.46207395987087574,0.4657581750469892,0.6013444529013406,0.4657581750469892,0.6013444529013406,0.587945610707137,0.712019337452078,0.7027469978838794,0.8038992667130042,0.7854327205059652,0.8630893331422917,0.8766020727276759,0.922368333166532,1.0,1.0,1.0,1.0,1.0,1.0,1.0,1.0,1.0,1.0,1.0,1.0,1.0,1.0,1.0,1.0,1.0,1.0,1.0,1.0,1.0,1.0,1.0,1.0,1.0,1.0,1.0,1.0,1.0,1.0,1.0,1.0,1.0,1.0,1.0,1.0
Samsung_A52_H037_02.jpg,train,H037,Samsung_A52,4.552516219723183,0.2276258109861592,0.1501509268857213,0.2148552286080898,0.1501509268857213,0.2148552286080898,0.1501509268857213,0.2148552286080898,0.1501509268857213,0.2148552286080898,0.1501509268857213,0.2148552286080898,0.1501509268857213,0.2148552286080898,0.1501509268857213,0.2148552286080898,0.1501509268857213,0.2148552286080898,0.1501509268857213,0.2148552286080898,0.1501509268857213,0.2148552286080898,0.32638057454524494,0.45275403429600664,0.32638057454524494,0.45275403429600664,0.4570713163695323,0.5961575076189686,0.4570713163695323,0.5961575076189686,0.582994196921411,0.7111204766774457,0.7020564232099163,0.8018757019218763,0.7841607470337809,0.8598189229538316,0.8733565122155638,0.9215099190823435,1.0,1.0,1.0,1.0,1.0,1.0,1.0,1.0,1.0,1.0,1.0,1.0,1.0,1.0,1.0,1.0,1.0,1.0,1.0,1.0,1.0,1.0,1.0,1.0,1.0,1.0,1.0,1.0,1.0,1.0,1.0,1.0,1.0,1.0,1.0,1.0
Samsung_A52_H037_03.jpg,train,H037,Samsung_A52,4.552516219723183,0.2276258109861592,0.14741325035322167,0.23003251830262444,0.14741325035322167,0.23003251830262444,0.14741325035322167,0.23003251830262444,0.14741325035322167,0.23003251830262444,0.14741325035322167,0.23003251830262444,0.14741325035322167,0.23003251830262444,0.14741325035322167,0.23003251830262444,0.14741325035322167,0.23003251830262444,0.14741325035322167,0.23003251830262444,0.14741325035322167,0.23003251830262444,0.32223384708033687,0.47691493045539063,0.32223384708033687,0.47691493045539063,0.4542027687094731,0.6202320940249247,0.4542027687094731,0.6202320940249247,0.5811675950386734,0.7297641471184393,0.7016777608444446,0.8165823452356593,0.786499076162311,0.8716610322560608,0.8772944695170318,0.9279994575685656,1.0,1.0,1.0,1.0,1.0,1.0,1.0,1.0,1.0,1.0,1.0,1.0,1.0,1.0,1.0,1.0,1.0,1.0,1.0,1.0,1.0,1.0,1.0,1.0,1.0,1.0,1.0,1.0,1.0,1.0,1.0,1.0,1.0,1.0,1.0,1.0
Samsung_A52_H038_01.jpg,train,H038,Samsung_A52,4.552516219723183,0.2276258109861592,0.1459226842700294,0.21933589567591144,0.1459226842700294,0.21933589567591144,0.1459226842700294,0.21933589567591144,0.1459226842700294,0.21933589567591144,0.1459226842700294,0.21933589567591144,0.1459226842700294,0.21933589567591144,0.1459226842700294,0.21933589567591144,0.1459226842700294,0.21933589567591144,0.1459226842700294,0.21933589567591144,0.1459226842700294,0.21933589567591144,0.31860302420264075,0.4593445842458229,0.31860302420264075,0.4593445842458229,0.44882121421202376,0.6027919514885821,0.44882121421202376,0.6027919514885821,0.575224530246717,0.7169802506282856,0.693983244422872,0.806386327471123,0.7797566177231735,0.8636690654139163,0.8727089603397512,0.922873840045335,1.0,1.0,1.0,1.0,1.0,1.0,1.0,1.0,1.0,1.0,1.0,1.0,1.0,1.0,1.0,1.0,1.0,1.0,1.0,1.0,1.0,1.0,1.0,1.0,1.0,1.0,1.0,1.0,1.0,1.0,1.0,1.0,1.0,1.0,1.0,1.0
Samsung_A52_H038_02.jpg,train,H038,Samsung_A52,4.552516219723183,0.2276258109861592,0.14687790791965555,0.21890736632941282,0.14687790791965555,0.21890736632941282,0.14687790791965555,0.21890736632941282,0.14687790791965555,0.21890736632941282,0.14687790791965555,0.21890736632941282,0.14687790791965555,0.21890736632941282,0.14687790791965555,0.21890736632941282,0.14687790791965555,0.21890736632941282,0.14687790791965555,0.21890736632941282,0.14687790791965555,0.21890736632941282,0.322442820675607,0.4599836467193359,0.322442820675607,0.4599836467193359,0.45456168953702003,0.6058093774895016,0.45456168953702003,0.6058093774895016,0.5772063820462772,0.7186242223654536,0.6945578640725527,0.8094379929819226,0.7804501841614241,0.8675131506720712,0.8732618304373235,0.9252439826223736,1.0,1.0,1.0,1.0,1.0,1.0,1.0,1.0,1.0,1.0,1.0,1.0,1.0,1.0,1.0,1.0,1.0,1.0,1.0,1.0,1.0,1.0,1.0,1.0,1.0,1.0,1.0,1.0,1.0,1.0,1.0,1.0,1.0,1.0,1.0,1.0
Samsung_A52_H038_03.jpg,train,H038,Samsung_A52,4.552516219723183,0.2276258109861592,0.14646690733353568,0.2194065182203286,0.14646690733353568,0.2194065182203286,0.14646690733353568,0.2194065182203286,0.14646690733353568,0.2194065182203286,0.14646690733353568,0.2194065182203286,0.14646690733353568,0.2194065182203286,0.14646690733353568,0.2194065182203286,0.14646690733353568,0.2194065182203286,0.14646690733353568,0.2194065182203286,0.14646690733353568,0.2194065182203286,0.32080775838648135,0.45930059721638117,0.32080775838648135,0.45930059721638117,0.4508016809371938,0.6055020052200907,0.4508016809371938,0.6055020052200907,0.5749825687264986,0.7192783280884125,0.6925012891475889,0.8079982597038697,0.7758088911579407,0.8647540418291096,0.8687627089767024,0.9241683556321482,1.0,1.0,1.0,1.0,1.0,1.0,1.0,1.0,1.0,1.0,1.0,1.0,1.0,1.0,1.0,1.0,1.0,1.0,1.0,1.0,1.0,1.0,1.0,1.0,1.0,1.0,1.0,1.0,1.0,1.0,1.0,1.0,1.0,1.0,1.0,1.0
Samsung_A52_H038_04.jpg,train,H038,Samsung_A52,4.552516219723183,0.2276258109861592,0.19945142062479965,0.23136806910100277,0.19945142062479965,0.23136806910100277,0.19945142062479965,0.23136806910100277,0.19945142062479965,0.23136806910100277,0.19945142062479965,0.23136806910100277,0.19945142062479965,0.23136806910100277,0.19945142062479965,0.23136806910100277,0.19945142062479965,0.23136806910100277,0.19945142062479965,0.23136806910100277,0.19945142062479965,0.23136806910100277,0.4023793894942389,0.46153774838572365,0.4023793894942389,0.46153774838572365,0.533421331096875,0.595804268808677,0.533421331096875,0.595804268808677,0.6479371818681366,0.7043266789097209,0.7516677345242655,0.7964119422618956,0.8209345798742615,0.8567819072802798,0.895079817243948,0.9184395034224796,1.0,1.0,1.0,1.0,1.0,1.0,1.0,1.0,1.0,1.0,1.0,1.0,1.0,1.0,1.0,1.0,1.0,1.0,1.0,1.0,1.0,1.0,1.0,1.0,1.0,1.0,1.0,1.0,1.0,1.0,1.0,1.0,1.0,1.0,1.0,1.0
Samsung_A52_H038_05.jpg,train,H038,Samsung_A52,4.552516219723183,0.2276258109861592,0.19442931455537335,0.23360905169616897,0.19442931455537335,0.23360905169616897,0.19442931455537335,0.23360905169616897,0.19442931455537335,0.23360905169616897,0.19442931455537335,0.23360905169616897,0.19442931455537335,0.23360905169616897,0.19442931455537335,0.23360905169616897,0.19442931455537335,0.23360905169616897,0.19442931455537335,0.23360905169616897,0.19442931455537335,0.23360905169616897,0.39246706700981193,0.4632054361371554,0.39246706700981193,0.4632054361371554,0.5227398493933497,0.598086927085104,0.5227398493933497,0.598086927085104,0.6358593670514853,0.7042597950206728,0.7406991079559917,0.7948108966484252,0.8130425685739969,0.8542314288161588,0.8920930780460717,0.9161391310189628,1.0,1.0,1.0,1.0,1.0,1.0,1.0,1.0,1.0,1.0,1.0,1.0,1.0,1.0,1.0,1.0,1.0,1.0,1.0,1.0,1.0,1.0,1.0,1.0,1.0,1.0,1.0,1.0,1.0,1.0,1.0,1.0,1.0,1.0,1.0,1.0
Samsung_A52_H126_01.jpg,train,H126,Samsung_A52,4.552516219723183,0.2276258109861592,0.13460395736291722,0.208573739184216,0.13460395736291722,0.208573739184216,0.13460395736291722,0.208573739184216,0.13460395736291722,0.208573739184216,0.13460395736291722,0.208573739184216,0.13460395736291722,0.208573739184216,0.13460395736291722,0.208573739184216,0.13460395736291722,0.208573739184216,0.13460395736291722,0.208573739184216,0.13460395736291722,0.208573739184216,0.299607928745858,0.4479912423944586,0.299607928745858,0.4479912423944586,0.4288642278188797,0.5947858356138311,0.4288642278188797,0.5947858356138311,0.5551211492927556,0.7106540336266254,0.6782383114428047,0.8025120589432343,0.7690911494907628,0.8617664994984957,0.8676854604025516,0.9225335483393784,1.0,1.0,1.0,1.0,1.0,1.0,1.0,1.0,1.0,1.0,1.0,1.0,1.0,1.0,1.0,1.0,1.0,1.0,1.0,1.0,1.0,1.0,1.0,1.0,1.0,1.0,1.0,1.0,1.0,1.0,1.0,1.0,1.0,1.0,1.0,1.0
Samsung_A52_H181_01.jpg,train,H181,Samsung_A52,4.552516219723183,0.2276258109861592,0.0713372627776812,0.12918215286924412,0.0713372627776812,0.12918215286924412,0.0713372627776812,0.12918215286924412,0.0713372627776812,0.12918215286924412,0.0713372627776812,0.12918215286924412,0.0713372627776812,0.12918215286924412,0.0713372627776812,0.12918215286924412,0.0713372627776812,0.12918215286924412,0.0713372627776812,0.12918215286924412,0.0713372627776812,0.12918215286924412,0.16468789877979204,0.301643943687333,0.16468789877979204,0.301643943687333,0.24700058217496954,0.4248645476952888,0.24700058217496954,0.4248645476952888,0.3407351471227875,0.543134200025837,0.4389665213156322,0.6472692810155876,0.5201304604193983,0.7242035913070971,0.6184964397670276,0.8067063109077204,0.7682161551810254,0.9187175099563616,0.7682161551810254,0.9187175099563616,0.795544227433898,0.9187175099563616,0.8646587690966302,0.9187175099563616,0.9895782178851077,0.9850080518522423,0.9895782178851077,0.9850080518522423,1.0,1.0,1.0,1.0,1.0,1.0,1.0,1.0,1.0,1.0,1.0,1.0,1.0,1.0,1.0,1.0,1.0,1.0,1.0,1.0,1.0,1.0,1.0,1.0
Samsung_A52_H181_02.jpg,train,H181,Samsung_A52,4.552516219723183,0.2276258109861592,0.05763023266084533,0.1026732253302427,0.05763023266084533,0.1026732253302427,0.05763023266084533,0.1026732253302427,0.05763023266084533,0.1026732253302427,0.05763023266084533,0.1026732253302427,0.05763023266084533,0.1026732253302427,0.05763023266084533,0.1026732253302427,0.05763023266084533,0.1026732253302427,0.05763023266084533,0.1026732253302427,0.05763023266084533,0.1026732253302427,0.13336310609792476,0.24536858678908113,0.13336310609792476,0.24536858678908113,0.20010287468727042,0.35436708000375045,0.20010287468727042,0.35436708000375045,0.2777645616738595,0.4630546665351903,0.35841537554462377,0.5582566855411714,0.426509429398752,0.6300592234054633,0.5084969721241107,0.7097405178614293,0.6463446935738676,0.8261546021598006,0.6463446935738676,0.8261546021598006,0.7150723088003275,0.8261546021598006,0.7905792675901676,0.8626649589755571,0.9213683464050716,0.9526189257532643,0.9213683464050716,0.9526189257532643,1.0,0.9904612514969199,1.0,0.9904612514969199,1.0,0.9904612514969199,1.0,0.9938325579282448,1.0,0.9938325579282448,1.0,0.9938325579282448,1.0,1.0,1.0,1.0,1.0,1.0,1.0,1.0,1.0,1.0,1.0,1.0
Samsung_A52_H183_01.jpg,train,H183,Samsung_A52,4.552516219723183,0.2276258109861592,0.07435981336713728,0.13673631021581273,0.07435981336713728,0.13673631021581273,0.07435981336713728,0.13673631021581273,0.07435981336713728,0.13673631021581273,0.07435981336713728,0.13673631021581273,0.07435981336713728,0.13673631021581273,0.07435981336713728,0.13673631021581273,0.07435981336713728,0.13673631021581273,0.07435981336713728,0.13673631021581273,0.07435981336713728,0.13673631021581273,0.17247059327920658,0.3166883140344628,0.17247059327920658,0.3166883140344628,0.25751947009393406,0.44400856338676825,0.25751947009393406,0.44400856338676825,0.35441806461325037,0.5662016733276013,0.4519746646603521,0.6691606598435665,0.5321678127067583,0.7445129033272608,0.6285731075402077,0.8241134146867504,0.7765279528598243,0.933558593617163,0.7765279528598243,0.933558593617163,0.7789338244626322,0.933558593617163,0.8490754713700065,0.933558593617163,0.9728333501621114,0.9850703860769817,0.9728333501621114,0.9850703860769817,1.0,1.0,1.0,1.0,1.0,1.0,1.0,1.0,1.0,1.0,1.0,1.0,1.0,1.0,1.0,1.0,1.0,1.0,1.0,1.0,1.0,1.0,1.0,1.0
Samsung_A52_H183_02.jpg,train,H183,Samsung_A52,4.552516219723183,0.2276258109861592,0.08050157935643813,0.1475188316159897,0.08050157935643813,0.1475188316159897,0.08050157935643813,0.1475188316159897,0.08050157935643813,0.1475188316159897,0.08050157935643813,0.1475188316159897,0.08050157935643813,0.1475188316159897,0.08050157935643813,0.1475188316159897,0.08050157935643813,0.1475188316159897,0.08050157935643813,0.1475188316159897,0.08050157935643813,0.1475188316159897,0.18640793053189747,0.339589080982398,0.18640793053189747,0.339589080982398,0.27751258950396845,0.4755657446815213,0.27751258950396845,0.4755657446815213,0.37887114426697194,0.5988174966086344,0.4826493289114139,0.7028873088858195,0.5651998770322683,0.7771099897699456,0.6634336904256443,0.85857883462941,0.8127596302045882,0.9668146616946326,0.8127596302045882,0.9668146616946326,0.8127596302045882,0.9668146616946326,0.8571621440756411,0.9668146616946326,0.9815231470154534,1.0,0.9815231470154534,1.0,1.0,1.0,1.0,1.0,1.0,1.0,1.0,1.0,1.0,1.0,1.0,1.0,1.0,1.0,1.0,1.0,1.0,1.0,1.0,1.0,1.0,1.0,1.0,1.0
Samsung_A52_H183_03.jpg,train,H183,Samsung_A52,4.552516219723183,0.2276258109861592,0.062383560768454166,0.1160099570374942,0.062383560768454166,0.1160099570374942,0.062383560768454166,0.1160099570374942,0.062383560768454166,0.1160099570374942,0.062383560768454166,0.1160099570374942,0.062383560768454166,0.1160099570374942,0.062383560768454166,0.1160099570374942,0.062383560768454166,0.1160099570374942,0.062383560768454166,0.1160099570374942,0.062383560768454166,0.1160099570374942,0.14070679571949177,0.26708596729700246,0.14070679571949177,0.26708596729700246,0.20785511368416407,0.3792232462775612,0.20785511368416407,0.3792232462775612,0.2866823660649655,0.4911601418002814,0.3681995239585713,0.5894958481045335,0.4356156945611899,0.6625367850139489,0.5221251127833423,0.7426409666224845,0.6587478172948577,0.8598479211635321,0.6587478172948577,0.8598479211635321,0.708277449593791,0.8598479211635321,0.7800120621039297,0.8747924313115211,0.9247114148701989,0.9601942538270182,0.9247114148701989,0.9601942538270182,1.0,1.0,1.0,1.0,1.0,1.0,1.0,1.0,1.0,1.0,1.0,1.0,1.0,1.0,1.0,1.0,1.0,1.0,1.0,1.0,1.0,1.0,1.0,1.0
Samsung_A52_H367_01.jpg,train,H367,Samsung_A52,4.552516219723183,0.2276258109861592,0.07087756951434485,0.13071935284198644,0.07087756951434485,0.13071935284198644,0.07087756951434485,0.13071935284198644,0.07087756951434485,0.13071935284198644,0.07087756951434485,0.13071935284198644,0.07087756951434485,0.13071935284198644,0.07087756951434485,0.13071935284198644,0.07087756951434485,0.13071935284198644,0.07087756951434485,0.13071935284198644,0.07087756951434485,0.13071935284198644,0.16546968953731955,0.30814198307877444,0.16546968953731955,0.30814198307877444,0.24732991379271493,0.4363042324448683,0.24732991379271493,0.4363042324448683,0.3401174533174381,0.5606792261573029,0.43305778893976277,0.6669173024305513,0.5073507562039213,0.7420230824842887,0.5941349053054089,0.8213158893984811,0.7425090898061465,0.9288250051623901,0.7425090898061465,0.9288250051623901,0.7648324400463412,0.9288250051623901,0.8368696871691204,0.9288250051623901,0.9623980222728092,0.9887815031950884,0.9623980222728092,0.9887815031950884,1.0,1.0,1.0,1.0,1.0,1.0,1.0,1.0,1.0,1.0,1.0,1.0,1.0,1.0,1.0,1.0,1.0,1.0,1.0,1.0,1.0,1.0,1.0,1.0
Samsung_A52_H368_01.jpg,train,H368,Samsung_A52,4.552516219723183,0.2276258109861592,0.05447938903509135,0.10095457265058795,0.05447938903509135,0.10095457265058795,0.05447938903509135,0.10095457265058795,0.05447938903509135,0.10095457265058795,0.05447938903509135,0.10095457265058795,0.05447938903509135,0.10095457265058795,0.05447938903509135,0.10095457265058795,0.05447938903509135,0.10095457265058795,0.05447938903509135,0.10095457265058795,0.05447938903509135,0.10095457265058795,0.12207768357945167,0.23488443910775236,0.12207768357945167,0.23488443910775236,0.1799656925398917,0.3357867534528596,0.1799656925398917,0.3357867534528596,0.247628460086391,0.4410068468986868,0.3208488916219195,0.5356551841659576,0.3824774204760745,0.6064941230888544,0.4602995175344263,0.6888833055419841,0.5869168672892797,0.8058807266613892,0.5869168672892797,0.8058807266613892,0.6751090200342083,0.808570647958048,0.7503322535899709,0.8573597713063447,0.9108514665979468,0.9448778072433757,0.9108514665979468,0.9448778072433757,1.0,0.9924895132551645,1.0,0.9924895132551645,1.0,0.9965084672456603,1.0,0.9965084672456603,1.0,0.9965084672456603,1.0,0.9965084672456603,1.0,1.0,1.0,1.0,1.0,1.0,1.0,1.0,1.0,1.0,1.0,1.0
Samsung_A52_H371_01.jpg,train,H371,Samsung_A52,4.552516219723183,0.2276258109861592,0.08430395441107451,0.14608400506524438,0.08430395441107451,0.14608400506524438,0.08430395441107451,0.14608400506524438,0.08430395441107451,0.14608400506524438,0.08430395441107451,0.14608400506524438,0.08430395441107451,0.14608400506524438,0.08430395441107451,0.14608400506524438,0.08430395441107451,0.14608400506524438,0.08430395441107451,0.14608400506524438,0.08430395441107451,0.14608400506524438,0.19557873076012675,0.3363507277909896,0.19557873076012675,0.3363507277909896,0.28966288862969386,0.4696818556011564,0.28966288862969386,0.4696818556011564,0.3923299035709694,0.5952848660026397,0.49667036974353734,0.7014131717774148,0.578403560751609,0.7777281779011626,0.6734807790219003,0.8564392642227497,0.8166612685558687,0.9645823232342075,0.8166612685558687,0.9645823232342075,0.8166612685558687,0.9645823232342075,0.834339560540177,0.9645823232342075,0.9604687356733115,0.9848837557493673,0.9604687356733115,0.9848837557493673,1.0,1.0,1.0,1.0,1.0,1.0,1.0,1.0,1.0,1.0,1.0,1.0,1.0,1.0,1.0,1.0,1.0,1.0,1.0,1.0,1.0,1.0,1.0,1.0
Samsung_A52_H371_02.jpg,train,H371,Samsung_A52,4.552516219723183,0.2276258109861592,0.06190355533111496,0.10625823040324356,0.06190355533111496,0.10625823040324356,0.06190355533111496,0.10625823040324356,0.06190355533111496,0.10625823040324356,0.06190355533111496,0.10625823040324356,0.06190355533111496,0.10625823040324356,0.06190355533111496,0.10625823040324356,0.06190355533111496,0.10625823040324356,0.06190355533111496,0.10625823040324356,0.06190355533111496,0.10625823040324356,0.13966063596630215,0.2447678606391331,0.13966063596630215,0.2447678606391331,0.20548037637511768,0.3457344524206955,0.20548037637511768,0.3457344524206955,0.2780396455512827,0.44748279635674126,0.35151668369192907,0.5396266163526272,0.41495912240982163,0.6082777526959642,0.4926912030637546,0.6876629494566221,0.6209380538841432,0.7967013739296296,0.6209380538841432,0.7967013739296296,0.6684191882997117,0.7967013739296296,0.7419459338985156,0.8272271902844877,0.8904373764859137,0.9200028848146039,0.8904373764859137,0.9200028848146039,0.9994652289201823,0.9702711872304549,0.9994652289201823,0.9702711872304549,1.0,0.9735266180659493,1.0,0.9796989496722893,1.0,0.9796989496722893,1.0,0.9796989496722893,1.0,1.0,1.0,1.0,1.0,1.0,1.0,1.0,1.0,1.0,1.0,1.0
Samsung_A52_H371_03.jpg,train,H371,Samsung_A52,4.552516219723183,0.2276258109861592,0.060086298294444514,0.09234664474047795,0.060086298294444514,0.09234664474047795,0.060086298294444514,0.09234664474047795,0.060086298294444514,0.09234664474047795,0.060086298294444514,0.09234664474047795,0.060086298294444514,0.09234664474047795,0.060086298294444514,0.09234664474047795,0.060086298294444514,0.09234664474047795,0.060086298294444514,0.09234664474047795,0.060086298294444514,0.09234664474047795,0.13863642139274437,0.21997440752958508,0.13863642139274437,0.21997440752958508,0.20499703286914464,0.31626544307643706,0.20499703286914464,0.31626544307643706,0.2780705677393569,0.4122656749728748,0.3530975027886283,0.49596671999321723,0.4153739984112569,0.5582260638879765,0.4914174912394966,0.6294780013659516,0.6183496121902557,0.7331649816417147,0.6183496121902557,0.7331649816417147,0.6736701702770274,0.7335591943511962,0.7406081102840916,0.778763782951402,0.8817220624467076,0.8694115849192122,0.8817220624467076,0.8694115849192122,1.0,0.9187309652816664,1.0,0.9188109562583086,1.0,0.9523594315081204,1.0,0.9697074870503616,1.0,0.9770934204242061,1.0,0.9770934204242061,1.0,1.0,1.0,1.0,1.0,1.0,1.0,1.0,1.0,1.0,1.0,1.0
Samsung_A52_H371_04.jpg,train,H371,Samsung_A52,4.552516219723183,0.2276258109861592,0.06400258438911434,0.09701873620483965,0.06400258438911434,0.09701873620483965,0.06400258438911434,0.09701873620483965,0.06400258438911434,0.09701873620483965,0.06400258438911434,0.09701873620483965,0.06400258438911434,0.09701873620483965,0.06400258438911434,0.09701873620483965,0.06400258438911434,0.09701873620483965,0.06400258438911434,0.09701873620483965,0.06400258438911434,0.09701873620483965,0.14442248763826881,0.22433762995246276,0.14442248763826881,0.22433762995246276,0.21007824189737045,0.3180531351700064,0.21007824189737045,0.3180531351700064,0.2822444220695161,0.413522377484927,0.3555120233367926,0.5012480230700194,0.416884982899642,0.5670682279372317,0.4898007742674155,0.6383886331116045,0.610015672138738,0.7418491058196364,0.610015672138738,0.7418491058196364,0.6571634665737915,0.7418491058196364,0.730106942445949,0.7861578504253468,0.8776548897312936,0.8801676410198357,0.8776548897312936,0.8801676410198357,0.9821315765118749,0.956461437228768,0.9821315765118749,0.956461437228768,1.0,0.9630404798423231,1.0,0.9647536385199948,1.0,0.9647536385199948,1.0,0.9647536385199948,1.0,0.9713996832797864,1.0,0.9713996832797864,1.0,1.0,1.0,1.0,1.0,1.0,1.0,1.0
Samsung_A52_H372_01.jpg,train,H372,Samsung_A52,4.552516219723183,0.2276258109861592,0.06898941209074833,0.12031210669870976,0.06898941209074833,0.12031210669870976,0.06898941209074833,0.12031210669870976,0.06898941209074833,0.12031210669870976,0.06898941209074833,0.12031210669870976,0.06898941209074833,0.12031210669870976,0.06898941209074833,0.12031210669870976,0.06898941209074833,0.12031210669870976,0.06898941209074833,0.12031210669870976,0.06898941209074833,0.12031210669870976,0.1589470515424496,0.2802398067948105,0.1589470515424496,0.2802398067948105,0.23476540163901344,0.394677983234368,0.23476540163901344,0.394677983234368,0.3198110212379098,0.5045647873735237,0.40555198813257465,0.6032483435511644,0.4774947024913479,0.6744194695277125,0.5615956877081169,0.753326089776691,0.6983213256508356,0.8661713089581056,0.6983213256508356,0.8661713089581056,0.7308744665765583,0.8661713089581056,0.8066299414544416,0.8799679587355416,0.9458865201622753,0.9542640015080771,0.9458865201622753,0.9542640015080771,1.0,0.980992680144325,1.0,0.980992680144325,1.0,0.980992680144325,1.0,0.980992680144325,1.0,0.9874602822557873,1.0,0.9874602822557873,1.0,1.0,1.0,1.0,1.0,1.0,1.0,1.0,1.0,1.0,1.0,1.0
Samsung_A52_H372_02.jpg,train,H372,Samsung_A52,4.552516219723183,0.2276258109861592,0.06644853929565303,0.1151350966856918,0.06644853929565303,0.1151350966856918,0.06644853929565303,0.1151350966856918,0.06644853929565303,0.1151350966856918,0.06644853929565303,0.1151350966856918,0.06644853929565303,0.1151350966856918,0.06644853929565303,0.1151350966856918,0.06644853929565303,0.1151350966856918,0.06644853929565303,0.1151350966856918,0.06644853929565303,0.1151350966856918,0.14975800309724402,0.26535885470756465,0.14975800309724402,0.26535885470756465,0.2203827807387008,0.3768238778636016,0.2203827807387008,0.3768238778636016,0.2998260489028094,0.4895587920602346,0.3826204629192334,0.5910948200418483,0.4516714425617054,0.666698857654697,0.5361982850518118,0.75155854966368,0.669741161976527,0.8722001851669757,0.669741161976527,0.8722001851669757,0.7149180020971299,0.8722001851669757,0.7876033561983622,0.8888926262219511,0.9169255967997157,0.9745938087834394,0.9169255967997157,0.9745938087834394,1.0,1.0,1.0,1.0,1.0,1.0,1.0,1.0,1.0,1.0,1.0,1.0,1.0,1.0,1.0,1.0,1.0,1.0,1.0,1.0,1.0,1.0,1.0,1.0
Samsung_A52_H405_01.jpg,train,H405,Samsung_A52,4.552516219723183,0.2276258109861592,0.1444276295451532,0.22164295179768267,0.1444276295451532,0.22164295179768267,0.1444276295451532,0.22164295179768267,0.1444276295451532,0.22164295179768267,0.1444276295451532,0.22164295179768267,0.1444276295451532,0.22164295179768267,0.1444276295451532,0.22164295179768267,0.1444276295451532,0.22164295179768267,0.1444276295451532,0.22164295179768267,0.1444276295451532,0.22164295179768267,0.31941774407723506,0.46494956256581366,0.31941774407723506,0.46494956256581366,0.4539554266930043,0.610402647386062,0.4539554266930043,0.610402647386062,0.5823304651157846,0.7229995165199432,0.6984249514241135,0.8132410243491793,0.783735833010998,0.8693910332653184,0.8762947035138253,0.9273629826697967,1.0,1.0,1.0,1.0,1.0,1.0,1.0,1.0,1.0,1.0,1.0,1.0,1.0,1.0,1.0,1.0,1.0,1.0,1.0,1.0,1.0,1.0,1.0,1.0,1.0,1.0,1.0,1.0,1.0,1.0,1.0,1.0,1.0,1.0,1.0,1.0
Samsung_A52_H405_02.jpg,train,H405,Samsung_A52,4.552516219723183,0.2276258109861592,0.13518892546322317,0.20796284498843798,0.13518892546322317,0.20796284498843798,0.13518892546322317,0.20796284498843798,0.13518892546322317,0.20796284498843798,0.13518892546322317,0.20796284498843798,0.13518892546322317,0.20796284498843798,0.13518892546322317,0.20796284498843798,0.13518892546322317,0.20796284498843798,0.13518892546322317,0.20796284498843798,0.13518892546322317,0.20796284498843798,0.3031122712529876,0.44570024332385305,0.3031122712529876,0.44570024332385305,0.4357807818810586,0.5942328347559549,0.4357807818810586,0.5942328347559549,0.5662161184913272,0.7105062292585915,0.686230816838874,0.8046097583340844,0.774988363158047,0.8635569682909574,0.8702462983646796,0.9245344659552075,1.0,1.0,1.0,1.0,1.0,1.0,1.0,1.0,1.0,1.0,1.0,1.0,1.0,1.0,1.0,1.0,1.0,1.0,1.0,1.0,1.0,1.0,1.0,1.0,1.0,1.0,1.0,1.0,1.0,1.0,1.0,1.0,1.0,1.0,1.0,1.0
Samsung_A52_H405_03.jpg,train,H405,Samsung_A52,4.552516219723183,0.2276258109861592,0.13889964490690693,0.21105028110051763,0.13889964490690693,0.21105028110051763,0.13889964490690693,0.21105028110051763,0.13889964490690693,0.21105028110051763,0.13889964490690693,0.21105028110051763,0.13889964490690693,0.21105028110051763,0.13889964490690693,0.21105028110051763,0.13889964490690693,0.21105028110051763,0.13889964490690693,0.21105028110051763,0.13889964490690693,0.21105028110051763,0.3089465891396127,0.4479453895170199,0.3089465891396127,0.4479453895170199,0.4411067678667092,0.5948654044596519,0.4411067678667092,0.5948654044596519,0.569631127898127,0.712094723407886,0.6895577776761631,0.8041508062186488,0.7751691950572377,0.8632093306909846,0.8702324200269644,0.922737912282872,1.0,1.0,1.0,1.0,1.0,1.0,1.0,1.0,1.0,1.0,1.0,1.0,1.0,1.0,1.0,1.0,1.0,1.0,1.0,1.0,1.0,1.0,1.0,1.0,1.0,1.0,1.0,1.0,1.0,1.0,1.0,1.0,1.0,1.0,1.0,1.0
Samsung_A52_H493_01.jpg,train,H493,Samsung_A52,4.552516219723183,0.2276258109861592,0.1600985083628281,0.18319609169122825,0.1600985083628281,0.18319609169122825,0.1600985083628281,0.18319609169122825,0.1600985083628281,0.18319609169122825,0.1600985083628281,0.18319609169122825,0.1600985083628281,0.18319609169122825,0.1600985083628281,0.18319609169122825,0.1600985083628281,0.18319609169122825,0.1600985083628281,0.18319609169122825,0.1600985083628281,0.18319609169122825,0.3840315807699538,0.4107350046512668,0.3840315807699538,0.4107350046512668,0.5369240637929393,0.5611506589249565,0.5369240637929393,0.5611506589249565,0.6596505435304508,0.6826163245168794,0.7606490840424659,0.7822906827636287,0.829003080349855,0.8463173007633727,0.8999225634038257,0.9113551229121919,1.0,1.0,1.0,1.0,1.0,1.0,1.0,1.0,1.0,1.0,1.0,1.0,1.0,1.0,1.0,1.0,1.0,1.0,1.0,1.0,1.0,1.0,1.0,1.0,1.0,1.0,1.0,1.0,1.0,1.0,1.0,1.0,1.0,1.0,1.0,1.0
Samsung_A52_H493_02.jpg,train,H493,Samsung_A52,4.552516219723183,0.2276258109861592,0.16182525148899432,0.17698344955852882,0.16182525148899432,0.17698344955852882,0.16182525148899432,0.17698344955852882,0.16182525148899432,0.17698344955852882,0.16182525148899432,0.17698344955852882,0.16182525148899432,0.17698344955852882,0.16182525148899432,0.17698344955852882,0.16182525148899432,0.17698344955852882,0.16182525148899432,0.17698344955852882,0.16182525148899432,0.17698344955852882,0.3851447038542467,0.4003594055515797,0.3851447038542467,0.4003594055515797,0.5373698977349977,0.5522428861092407,0.5373698977349977,0.5522428861092407,0.6576725445060573,0.6782833444591158,0.7606929703060579,0.7804183387064954,0.8297951532630705,0.84496088357941,0.901293820814078,0.9122665607773376,1.0,1.0,1.0,1.0,1.0,1.0,1.0,1.0,1.0,1.0,1.0,1.0,1.0,1.0,1.0,1.0,1.0,1.0,1.0,1.0,1.0,1.0,1.0,1.0,1.0,1.0,1.0,1.0,1.0,1.0,1.0,1.0,1.0,1.0,1.0,1.0
Samsung_A52_H516_01.jpg,train,H516,Samsung_A52,4.552516219723183,0.2276258109861592,0.0965393551222517,0.1465505544319434,0.0965393551222517,0.1465505544319434,0.0965393551222517,0.1465505544319434,0.0965393551222517,0.1465505544319434,0.0965393551222517,0.1465505544319434,0.0965393551222517,0.1465505544319434,0.0965393551222517,0.1465505544319434,0.0965393551222517,0.1465505544319434,0.0965393551222517,0.1465505544319434,0.0965393551222517,0.1465505544319434,0.2256612703640294,0.34204313702308853,0.2256612703640294,0.34204313702308853,0.33480356133790073,0.481455471871059,0.33480356133790073,0.481455471871059,0.4567271861736498,0.6088191686707597,0.5731849107229968,0.7157340363656215,0.6655874427828763,0.7893511945418878,0.7753281430280159,0.8673021170964135,0.9385173900316298,0.9756530935471264,0.9385173900316298,0.9756530935471264,0.9385173900316298,0.9756530935471264,0.9385173900316298,0.9756530935471264,1.0,0.9890698182385783,1.0,0.9890698182385783,1.0,1.0,1.0,1.0,1.0,1.0,1.0,1.0,1.0,1.0,1.0,1.0,1.0,1.0,1.0,1.0,1.0,1.0,1.0,1.0,1.0,1.0,1.0,1.0
Samsung_A52_H549_01.jpg,train,H549,Samsung_A52,4.552516219723183,0.2276258109861592,0.15279292981111414,0.20902017759170982,0.15279292981111414,0.20902017759170982,0.15279292981111414,0.20902017759170982,0.15279292981111414,0.20902017759170982,0.15279292981111414,0.20902017759170982,0.15279292981111414,0.20902017759170982,0.15279292981111414,0.20902017759170982,0.15279292981111414,0.20902017759170982,0.15279292981111414,0.20902017759170982,0.15279292981111414,0.20902017759170982,0.3354917190155793,0.44331833530471,0.3354917190155793,0.44331833530471,0.4727842410517872,0.59018662330937,0.4727842410517872,0.59018662330937,0.6021528376002763,0.7084144338797387,0.7170096107861893,0.8022813902878714,0.7985333956826736,0.8634518474706372,0.8861936805159356,0.9236237695194808,1.0,1.0,1.0,1.0,1.0,1.0,1.0,1.0,1.0,1.0,1.0,1.0,1.0,1.0,1.0,1.0,1.0,1.0,1.0,1.0,1.0,1.0,1.0,1.0,1.0,1.0,1.0,1.0,1.0,1.0,1.0,1.0,1.0,1.0,1.0,1.0
Samsung_A52_H549_02.jpg,train,H549,Samsung_A52,4.552516219723183,0.2276258109861592,0.1332182576606044,0.1921610102181622,0.1332182576606044,0.1921610102181622,0.1332182576606044,0.1921610102181622,0.1332182576606044,0.1921610102181622,0.1332182576606044,0.1921610102181622,0.1332182576606044,0.1921610102181622,0.1332182576606044,0.1921610102181622,0.1332182576606044,0.1921610102181622,0.1332182576606044,0.1921610102181622,0.1332182576606044,0.1921610102181622,0.3007300899902962,0.42174957497851645,0.3007300899902962,0.42174957497851645,0.43294877383383823,0.5712619721513504,0.43294877383383823,0.5712619721513504,0.566600111800996,0.6939528518611341,0.6925672055633905,0.7925419275976796,0.7826175814315321,0.855700805669758,0.8774220698025368,0.918062743210343,1.0,1.0,1.0,1.0,1.0,1.0,1.0,1.0,1.0,1.0,1.0,1.0,1.0,1.0,1.0,1.0,1.0,1.0,1.0,1.0,1.0,1.0,1.0,1.0,1.0,1.0,1.0,1.0,1.0,1.0,1.0,1.0,1.0,1.0,1.0,1.0
Samsung_A52_H615_01.jpg,train,H615,Samsung_A52,4.552516219723183,0.2276258109861592,0.055267916885589206,0.11198733977330631,0.055267916885589206,0.11198733977330631,0.055267916885589206,0.11198733977330631,0.055267916885589206,0.11198733977330631,0.055267916885589206,0.11198733977330631,0.055267916885589206,0.11198733977330631,0.055267916885589206,0.11198733977330631,0.055267916885589206,0.11198733977330631,0.055267916885589206,0.11198733977330631,0.055267916885589206,0.11198733977330631,0.12327037095207243,0.25932675805454486,0.12327037095207243,0.25932675805454486,0.18265496537375525,0.3691105687524071,0.18265496537375525,0.3691105687524071,0.2531188526051081,0.4817802317031243,0.32888367384244893,0.5822869050039827,0.39441030915523856,0.6597160886472366,0.47730311600850034,0.7466806334290591,0.6201515220548539,0.8692717684570441,0.6201515220548539,0.8692717684570441,0.7087956185833394,0.8692717684570441,0.7875544098086873,0.8954313187200752,0.9411098181361924,0.9772846489458534,0.9411098181361924,0.9772846489458534,1.0,1.0,1.0,1.0,1.0,1.0,1.0,1.0,1.0,1.0,1.0,1.0,1.0,1.0,1.0,1.0,1.0,1.0,1.0,1.0,1.0,1.0,1.0,1.0
Samsung_A52_H615_02.jpg,train,H615,Samsung_A52,4.552516219723183,0.2276258109861592,0.052279620769026175,0.10019485025026172,0.052279620769026175,0.10019485025026172,0.052279620769026175,0.10019485025026172,0.052279620769026175,0.10019485025026172,0.052279620769026175,0.10019485025026172,0.052279620769026175,0.10019485025026172,0.052279620769026175,0.10019485025026172,0.052279620769026175,0.10019485025026172,0.052279620769026175,0.10019485025026172,0.052279620769026175,0.10019485025026172,0.11836819020492048,0.23648643972859437,0.11836819020492048,0.23648643972859437,0.1762591726683618,0.3385006649172949,0.1762591726683618,0.3385006649172949,0.24519674577800166,0.44255662169923005,0.3183537965131949,0.5382633835222446,0.3819222596160841,0.6110584519923841,0.46305447480349954,0.6957482410982826,0.599856421146469,0.8157664710216431,0.599856421146469,0.8157664710216431,0.6913652034396469,0.8157664710216431,0.7733628560862426,0.8564183648048529,0.9318621993934189,0.9389796699825173,0.9318621993934189,0.9389796699825173,1.0,0.9866893852713011,1.0,0.9866893852713011,1.0,0.9866893852713011,1.0,0.9900629712631375,1.0,1.0,1.0,1.0,1.0,1.0,1.0,1.0,1.0,1.0,1.0,1.0,1.0,1.0,1.0,1.0
Samsung_A52_H615_03.jpg,train,H615,Samsung_A52,4.552516219723183,0.2276258109861592,0.0504320490615595,0.09369047577551595,0.0504320490615595,0.09369047577551595,0.0504320490615595,0.09369047577551595,0.0504320490615595,0.09369047577551595,0.0504320490615595,0.09369047577551595,0.0504320490615595,0.09369047577551595,0.0504320490615595,0.09369047577551595,0.0504320490615595,0.09369047577551595,0.0504320490615595,0.09369047577551595,0.0504320490615595,0.09369047577551595,0.11184896258171532,0.2191622929120615,0.11184896258171532,0.2191622929120615,0.16490173456167784,0.3154821311111777,0.16490173456167784,0.3154821311111777,0.2260603455546449,0.41683840326727645,0.29245964450287726,0.5069490749089347,0.3484963043775591,0.5757300459197259,0.4222943254565699,0.6592113507840462,0.550210904125843,0.7847030068611498,0.550210904125843,0.7847030068611498,0.6512971811516377,0.8110248926155366,0.7307414795148448,0.8590117829101389,0.8813081038486718,0.9512597966111782,0.8813081038486718,0.9512597966111782,1.0,1.0,1.0,1.0,1.0,1.0,1.0,1.0,1.0,1.0,1.0,1.0,1.0,1.0,1.0,1.0,1.0,1.0,1.0,1.0,1.0,1.0,1.0,1.0
Samsung_A52_H616_01.jpg,train,H616,Samsung_A52,4.552516219723183,0.2276258109861592,0.1362653643923428,0.19744946671269084,0.1362653643923428,0.19744946671269084,0.1362653643923428,0.19744946671269084,0.1362653643923428,0.19744946671269084,0.1362653643923428,0.19744946671269084,0.1362653643923428,0.19744946671269084,0.1362653643923428,0.19744946671269084,0.1362653643923428,0.19744946671269084,0.1362653643923428,0.19744946671269084,0.1362653643923428,0.19744946671269084,0.3110803823741084,0.43162440047154615,0.3110803823741084,0.43162440047154615,0.4490543166885178,0.580277134199591,0.4490543166885178,0.580277134199591,0.5834407527474055,0.6995552944033091,0.7069278302298407,0.7947981412029476,0.7938871758207028,0.8571536167691195,0.8841281668554076,0.9216901751717382,1.0,1.0,1.0,1.0,1.0,1.0,1.0,1.0,1.0,1.0,1.0,1.0,1.0,1.0,1.0,1.0,1.0,1.0,1.0,1.0,1.0,1.0,1.0,1.0,1.0,1.0,1.0,1.0,1.0,1.0,1.0,1.0,1.0,1.0,1.0,1.0
Samsung_A52_H616_02.jpg,train,H616,Samsung_A52,4.552516219723183,0.2276258109861592,0.14825149452784162,0.21100482227946885,0.14825149452784162,0.21100482227946885,0.14825149452784162,0.21100482227946885,0.14825149452784162,0.21100482227946885,0.14825149452784162,0.21100482227946885,0.14825149452784162,0.21100482227946885,0.14825149452784162,0.21100482227946885,0.14825149452784162,0.21100482227946885,0.14825149452784162,0.21100482227946885,0.14825149452784162,0.21100482227946885,0.3344170103879426,0.45490554224110136,0.3344170103879426,0.45490554224110136,0.4744596270116848,0.6026635711594671,0.4744596270116848,0.6026635711594671,0.6059263858566025,0.7182451499727852,0.7255582157255962,0.8109329834965987,0.8059748608290915,0.8687797613964087,0.8898175365911127,0.9268615900872847,1.0,1.0,1.0,1.0,1.0,1.0,1.0,1.0,1.0,1.0,1.0,1.0,1.0,1.0,1.0,1.0,1.0,1.0,1.0,1.0,1.0,1.0,1.0,1.0,1.0,1.0,1.0,1.0,1.0,1.0,1.0,1.0,1.0,1.0,1.0,1.0
Samsung_A52_H617_01.jpg,train,H617,Samsung_A52,4.552516219723183,0.2276258109861592,0.15368554727416792,0.215729955562225,0.15368554727416792,0.215729955562225,0.15368554727416792,0.215729955562225,0.15368554727416792,0.215729955562225,0.15368554727416792,0.215729955562225,0.15368554727416792,0.215729955562225,0.15368554727416792,0.215729955562225,0.15368554727416792,0.215729955562225,0.15368554727416792,0.215729955562225,0.15368554727416792,0.215729955562225,0.33744807868119775,0.4541333944527828,0.33744807868119775,0.4541333944527828,0.47309800992347517,0.5999663226758487,0.47309800992347517,0.5999663226758487,0.6003885086254901,0.7164935860246648,0.7165342841744662,0.8095420319360862,0.7966699810986049,0.8683158405177047,0.8818154943437274,0.9258795279623588,1.0,1.0,1.0,1.0,1.0,1.0,1.0,1.0,1.0,1.0,1.0,1.0,1.0,1.0,1.0,1.0,1.0,1.0,1.0,1.0,1.0,1.0,1.0,1.0,1.0,1.0,1.0,1.0,1.0,1.0,1.0,1.0,1.0,1.0,1.0,1.0
Samsung_A52_H617_02.jpg,train,H617,Samsung_A52,4.552516219723183,0.2276258109861592,0.1536300364207719,0.21590730905733288,0.1536300364207719,0.21590730905733288,0.1536300364207719,0.21590730905733288,0.1536300364207719,0.21590730905733288,0.1536300364207719,0.21590730905733288,0.1536300364207719,0.21590730905733288,0.1536300364207719,0.21590730905733288,0.1536300364207719,0.21590730905733288,0.1536300364207719,0.21590730905733288,0.1536300364207719,0.21590730905733288,0.3369551369032748,0.45598855319544535,0.3369551369032748,0.45598855319544535,0.47475812750896523,0.6034691904097359,0.47475812750896523,0.6034691904097359,0.6032950176027898,0.7194398855195678,0.7175863691770611,0.810885320156042,0.7968710292112042,0.8693916658390475,0.8818116553113574,0.9261815688787189,1.0,1.0,1.0,1.0,1.0,1.0,1.0,1.0,1.0,1.0,1.0,1.0,1.0,1.0,1.0,1.0,1.0,1.0,1.0,1.0,1.0,1.0,1.0,1.0,1.0,1.0,1.0,1.0,1.0,1.0,1.0,1.0,1.0,1.0,1.0,1.0
Samsung_A52_H617_03.jpg,train,H617,Samsung_A52,4.552516219723183,0.2276258109861592,0.16265671948137486,0.22509523482985158,0.16265671948137486,0.22509523482985158,0.16265671948137486,0.22509523482985158,0.16265671948137486,0.22509523482985158,0.16265671948137486,0.22509523482985158,0.16265671948137486,0.22509523482985158,0.16265671948137486,0.22509523482985158,0.16265671948137486,0.22509523482985158,0.16265671948137486,0.22509523482985158,0.16265671948137486,0.22509523482985158,0.3525395393383516,0.467577494634934,0.3525395393383516,0.467577494634934,0.4894896090559505,0.6111993209029356,0.4894896090559505,0.6111993209029356,0.6142926221503653,0.7238025720657847,0.7257727575854375,0.8134769737717983,0.8045875532088598,0.8705017059084061,0.8883597827985987,0.9263068123307994,1.0,1.0,1.0,1.0,1.0,1.0,1.0,1.0,1.0,1.0,1.0,1.0,1.0,1.0,1.0,1.0,1.0,1.0,1.0,1.0,1.0,1.0,1.0,1.0,1.0,1.0,1.0,1.0,1.0,1.0,1.0,1.0,1.0,1.0,1.0,1.0
Samsung_A52_H637_01.jpg,train,H637,Samsung_A52,4.552516219723183,0.2276258109861592,0.08543484533111156,0.13288006784680548,0.08543484533111156,0.13288006784680548,0.08543484533111156,0.13288006784680548,0.08543484533111156,0.13288006784680548,0.08543484533111156,0.13288006784680548,0.08543484533111156,0.13288006784680548,0.08543484533111156,0.13288006784680548,0.08543484533111156,0.13288006784680548,0.08543484533111156,0.13288006784680548,0.08543484533111156,0.13288006784680548,0.2035748618407045,0.3150876399591725,0.2035748618407045,0.3150876399591725,0.30707871834787576,0.45159294557774304,0.30707871834787576,0.45159294557774304,0.4279461106071404,0.5800338992609773,0.5465733383431635,0.6848939825527725,0.6411007562059626,0.7598378201724506,0.7504609703802713,0.8387157946651654,0.911864024613684,0.9464687506594239,0.911864024613684,0.9464687506594239,0.911864024613684,0.9464687506594239,0.92224500325698,0.9464687506594239,1.0,0.9823577442813869,1.0,0.9823577442813869,1.0,1.0,1.0,1.0,1.0,1.0,1.0,1.0,1.0,1.0,1.0,1.0,1.0,1.0,1.0,1.0,1.0,1.0,1.0,1.0,1.0,1.0,1.0,1.0
Samsung_A52_H637_02.jpg,train,H637,Samsung_A52,4.552516219723183,0.2276258109861592,0.1030078358723365,0.14016621512921945,0.1030078358723365,0.14016621512921945,0.1030078358723365,0.14016621512921945,0.1030078358723365,0.14016621512921945,0.1030078358723365,0.14016621512921945,0.1030078358723365,0.14016621512921945,0.1030078358723365,0.14016621512921945,0.1030078358723365,0.14016621512921945,0.1030078358723365,0.14016621512921945,0.1030078358723365,0.14016621512921945,0.241551545549289,0.3267705496129516,0.241551545549289,0.3267705496129516,0.3544880562143361,0.46341813772003376,0.3544880562143361,0.46341813772003376,0.4771017845256687,0.5911484720135763,0.5924024537851419,0.6988663651508668,0.6809212650562988,0.7760980426141003,0.7847142036168637,0.8579480033853828,0.9343773460351137,0.9714533905093083,0.9343773460351137,0.9714533905093083,0.9343773460351137,0.9714533905093083,0.9343773460351137,0.9714533905093083,1.0,0.9988115541518859,1.0,0.9988115541518859,1.0,1.0,1.0,1.0,1.0,1.0,1.0,1.0,1.0,1.0,1.0,1.0,1.0,1.0,1.0,1.0,1.0,1.0,1.0,1.0,1.0,1.0,1.0,1.0
Samsung_A52_H637_03.jpg,train,H637,Samsung_A52,4.552516219723183,0.2276258109861592,0.048236979286865725,0.061163726906251256,0.048236979286865725,0.061163726906251256,0.048236979286865725,0.061163726906251256,0.048236979286865725,0.061163726906251256,0.048236979286865725,0.061163726906251256,0.048236979286865725,0.061163726906251256,0.048236979286865725,0.061163726906251256,0.048236979286865725,0.061163726906251256,0.048236979286865725,0.061163726906251256,0.048236979286865725,0.061163726906251256,0.13169749872738132,0.17226737692140398,0.13169749872738132,0.17226737692140398,0.20991396545181776,0.2681905798638879,0.20991396545181776,0.2681905798638879,0.30375658652276316,0.3707917665474329,0.3965592760979069,0.46420786806473235,0.47354559441272226,0.5371832620313713,0.5642145087978065,0.6179768369740081,0.711828479177992,0.7336140505160341,0.711828479177992,0.7336140505160341,0.8055485417328663,0.7911485961411001,0.863006187007528,0.844857953429868,0.9623139243301237,0.9381605690353237,0.9623139243301237,0.9381605690353237,1.0,0.9913951191984892,1.0,0.9913951191984892,1.0,0.9913951191984892,1.0,1.0,1.0,1.0,1.0,1.0,1.0,1.0,1.0,1.0,1.0,1.0,1.0,1.0,1.0,1.0,1.0,1.0
Samsung_A52_H666_01.jpg,train,H666,Samsung_A52,4.552516219723183,0.2276258109861592,0.1930318596231619,0.22964139576504242,0.1930318596231619,0.22964139576504242,0.1930318596231619,0.22964139576504242,0.1930318596231619,0.22964139576504242,0.1930318596231619,0.22964139576504242,0.1930318596231619,0.22964139576504242,0.1930318596231619,0.22964139576504242,0.1930318596231619,0.22964139576504242,0.1930318596231619,0.22964139576504242,0.1930318596231619,0.22964139576504242,0.39033185794031555,0.4597115452624539,0.39033185794031555,0.4597115452624539,0.520752561509492,0.5952940297079634,0.520752561509492,0.5952940297079634,0.6351699937735874,0.7035596364872535,0.7386150421145493,0.795128497903973,0.8112621780055337,0.8544490013700594,0.8898633309966675,0.9170639089486847,1.0,1.0,1.0,1.0,1.0,1.0,1.0,1.0,1.0,1.0,1.0,1.0,1.0,1.0,1.0,1.0,1.0,1.0,1.0,1.0,1.0,1.0,1.0,1.0,1.0,1.0,1.0,1.0,1.0,1.0,1.0,1.0,1.0,1.0,1.0,1.0
Samsung_A52_H668_01.jpg,train,H668,Samsung_A52,4.552516219723183,0.2276258109861592,0.14173994603285864,0.20082118965415316,0.14173994603285864,0.20082118965415316,0.14173994603285864,0.20082118965415316,0.14173994603285864,0.20082118965415316,0.14173994603285864,0.20082118965415316,0.14173994603285864,0.20082118965415316,0.14173994603285864,0.20082118965415316,0.14173994603285864,0.20082118965415316,0.14173994603285864,0.20082118965415316,0.14173994603285864,0.20082118965415316,0.32356857845708803,0.4387988885647513,0.32356857845708803,0.4387988885647513,0.4626283654031565,0.5881260251062925,0.4626283654031565,0.5881260251062925,0.5973875101159494,0.7076837620340991,0.7159618200051207,0.8009340413497376,0.8002139456133981,0.861568808830493,0.8873618216189184,0.9226376700523679,1.0,1.0,1.0,1.0,1.0,1.0,1.0,1.0,1.0,1.0,1.0,1.0,1.0,1.0,1.0,1.0,1.0,1.0,1.0,1.0,1.0,1.0,1.0,1.0,1.0,1.0,1.0,1.0,1.0,1.0,1.0,1.0,1.0,1.0,1.0,1.0
Samsung_A52_H668_02.jpg,train,H668,Samsung_A52,4.552516219723183,0.2276258109861592,0.1410839228141471,0.19975033830015787,0.1410839228141471,0.19975033830015787,0.1410839228141471,0.19975033830015787,0.1410839228141471,0.19975033830015787,0.1410839228141471,0.19975033830015787,0.1410839228141471,0.19975033830015787,0.1410839228141471,0.19975033830015787,0.1410839228141471,0.19975033830015787,0.1410839228141471,0.19975033830015787,0.1410839228141471,0.19975033830015787,0.3224437792271271,0.4401903233897527,0.3224437792271271,0.4401903233897527,0.4619029805664481,0.5911198818948011,0.4619029805664481,0.5911198818948011,0.5964919767716739,0.7107643240183453,0.7156578513634559,0.8042655769932701,0.7992476556702846,0.8650591166948363,0.8873568891996751,0.9243581540632401,1.0,1.0,1.0,1.0,1.0,1.0,1.0,1.0,1.0,1.0,1.0,1.0,1.0,1.0,1.0,1.0,1.0,1.0,1.0,1.0,1.0,1.0,1.0,1.0,1.0,1.0,1.0,1.0,1.0,1.0,1.0,1.0,1.0,1.0,1.0,1.0
Samsung_A52_H668_03.jpg,train,H668,Samsung_A52,4.552516219723183,0.2276258109861592,0.14343510121728748,0.205064068888162,0.14343510121728748,0.205064068888162,0.14343510121728748,0.205064068888162,0.14343510121728748,0.205064068888162,0.14343510121728748,0.205064068888162,0.14343510121728748,0.205064068888162,0.14343510121728748,0.205064068888162,0.14343510121728748,0.205064068888162,0.14343510121728748,0.205064068888162,0.14343510121728748,0.205064068888162,0.32852730349057785,0.44739105267090207,0.32852730349057785,0.44739105267090207,0.4690185766628114,0.5965035239690313,0.4690185766628114,0.5965035239690313,0.6032702561406178,0.7164433342897888,0.7248884420153522,0.8101698606159944,0.8066308407201886,0.8679133263118258,0.8919369566590702,0.9265974992760918,1.0,1.0,1.0,1.0,1.0,1.0,1.0,1.0,1.0,1.0,1.0,1.0,1.0,1.0,1.0,1.0,1.0,1.0,1.0,1.0,1.0,1.0,1.0,1.0,1.0,1.0,1.0,1.0,1.0,1.0,1.0,1.0,1.0,1.0,1.0,1.0
Samsung_A52_H668_04.jpg,train,H668,Samsung_A52,4.552516219723183,0.2276258109861592,0.1421138661926538,0.2103887695202469,0.1421138661926538,0.2103887695202469,0.1421138661926538,0.2103887695202469,0.1421138661926538,0.2103887695202469,0.1421138661926538,0.2103887695202469,0.1421138661926538,0.2103887695202469,0.1421138661926538,0.2103887695202469,0.1421138661926538,0.2103887695202469,0.1421138661926538,0.2103887695202469,0.1421138661926538,0.2103887695202469,0.32637281132867313,0.4561637939933593,0.32637281132867313,0.4561637939933593,0.47075002216723666,0.6066139405862422,0.47075002216723666,0.6066139405862422,0.6106013871749127,0.7242294035890201,0.7303463397843837,0.8151007773090619,0.8123185266080731,0.8733203319411712,0.8964184296527969,0.9288691921375013,1.0,1.0,1.0,1.0,1.0,1.0,1.0,1.0,1.0,1.0,1.0,1.0,1.0,1.0,1.0,1.0,1.0,1.0,1.0,1.0,1.0,1.0,1.0,1.0,1.0,1.0,1.0,1.0,1.0,1.0,1.0,1.0,1.0,1.0,1.0,1.0
